UPPER,1,MOLAR_UR7_LL7,1,MESIAL,1,0.4921242844612872,0.4703857028972174|0.4677492456040258|0.09985589579961085|-0.1614689883545159|0.6179537133930101|0.4372190923973617,14.117033004760742
UPPER,1,MOLAR_UR7_LL7,1,DISTAL,2,1.1071092108436935,-0.4387486267633829|0.22201033221258248|0.4605498049711506|1.5709800014348305|0.29244945308638026|0.16812529924969402,14.244974613189697
UPPER,1,MOLAR_UR7_LL7,1,BUCCAL_OR_LABIAL,3,1.1680290379764462,0.29501931416518995|1.2029739083787103|0.8954664847296432|0.8708804162353325|1.032961135082565|1.0012289660279776,14.108961582183838
UPPER,1,MOLAR_UR7_LL7,1,LINGUAL_OR_PALATAL,4,1.1486737748415063,1.01252137498743|0.23382188754504285|0.7904719443698269|0.9347858481484198|0.8631006224327701|0.24063524811527176,14.17596697807312
UPPER,1,MOLAR_UR7_LL7,1,PIT,5,4.2408874775876,0.6446081792058005|0.7325696058422065|0.8899995303816661|0.8787897778135023|0.6128060714101151|0.32009747470422856,14.02003812789917
UPPER,1,MOLAR_UR7_LL7,1,CUSP_IN_MESIAL,12,0.9320723635082995,0.5119322549214294|0.33803858031862266|0.3793670704195803|0.28931672667195785|0.823200898035347|0.2170793082849693,14.206955909729004
UPPER,1,MOLAR_UR7_LL7,1,CUSP_IN_DISTAL,13,0.3588870976916049,0.6054337328119581|0.6866682120340702|0.5147851453072649|0.9325142616161562|1.2511466903780493|0.37580163845195597,14.217963695526123
UPPER,1,MOLAR_UR7_LL7,1,CUSP_OUT_MESIAL,9,0.4365817061004758,0.22902083549488342|0.6196854999028195|0.48853088704005676|0.3693948550012519|0.9984645877409162|0.19847981879594567,14.146064519882202
UPPER,1,MOLAR_UR7_LL7,1,CUSP_OUT_DISTAL,11,0.6345461924457647,0.38515592115768443|0.5613411281868125|0.8859291127403337|1.0341078273190836|0.8572693122477326|0.48871206628831076,14.375001430511475
UPPER,1,MOLAR_UR6_LL6,2,MESIAL,1,0.3098012916680927,0.8149619092273892|0.77384417407681|0.8816701555091284|0.14256758602495212|0.94632729157649|0.4802437358726285,15.714998722076416
UPPER,1,MOLAR_UR6_LL6,2,DISTAL,2,1.0069564649770437,0.46019340007342846|0.9245641345631014|0.21725382943433466|0.786364695263142|0.8392315389649776|0.7164853223294401,14.631994724273682
UPPER,1,MOLAR_UR6_LL6,2,BUCCAL_OR_LABIAL,3,1.8251801533612695,0.26536042264204895|1.2275364447943082|0.759708554640767|0.5391097774008865|0.7382474662549559|0.6055315178237284,14.7579665184021
UPPER,1,MOLAR_UR6_LL6,2,LINGUAL_OR_PALATAL,4,1.1026908546962215,1.1650717856221489|0.23322832896738693|0.37271955001269474|0.579033344022482|0.7658944562051561|0.4997450923199548,14.827998399734497
UPPER,1,MOLAR_UR6_LL6,2,PIT,5,3.9744535218811174,1.1156139680684132|1.1558928823666914|0.8840035049788613|0.7260771155035709|1.1273714775189427|-0.221587399017589,14.989004373550415
UPPER,1,MOLAR_UR6_LL6,2,CUSP_IN_MESIAL,12,0.4059388028908927,0.6218143298749925|0.6235434057167067|0.973681511136549|0.8919628594220357|0.7911233937767421|0.10865344841148118,15.118998765945435
UPPER,1,MOLAR_UR6_LL6,2,CUSP_IN_DISTAL,13,0.5144648309938805,0.06278033528657356|0.09976221319858403|0.5949415727866126|0.8164208107771858|1.0581920684289257|0.1348351830152419,14.54200029373169
UPPER,1,MOLAR_UR6_LL6,2,CUSP_OUT_MESIAL,9,0.22175994346832514,0.6347779526268411|0.6851713603076199|0.6075216474946203|0.5394081039653105|0.8672270767742801|0.428782064056552,14.903965950012207
UPPER,1,MOLAR_UR6_LL6,2,CUSP_OUT_DISTAL,11,0.6032370905850768,0.3227466883194839|0.4024256426911089|0.9673489515502923|0.9872852462599704|0.36353869780620074|0.1731219448077943,14.591023206710815
UPPER,1,PREMOLAR_UR5_LL5,3,MESIAL,1,0.5080299238963023,0.25310305031445757|0.19482683416816401|0.804603473404935|-0.05177068280432792|1.0440102338833022|0.7273707464912103,13.50999903678894
UPPER,1,PREMOLAR_UR5_LL5,3,DISTAL,2,0.7076723245370605,0.5231074501852409|1.1960577063204603|0.05687485944861351|1.175497396409824|1.0237388022345018|0.6866967537036717,13.495038032531738
UPPER,1,PREMOLAR_UR5_LL5,3,BUCCAL_OR_LABIAL,3,0.5026011217289841,0.1957765731874942|1.123777942093101|0.4261090408760853|0.026737215852945376|0.28148998591916263|0.11768488464001403,13.484960794448853
UPPER,1,PREMOLAR_UR5_LL5,3,LINGUAL_OR_PALATAL,4,0.11161876164982701,1.075814542525781|0.44181279505149934|0.09393218675420505|0.2312024501135146|0.09967810882373122|-0.09943095622486571,13.572965621948242
UPPER,1,PREMOLAR_UR5_LL5,3,PIT,5,3.363644372046642,0.7361942601701814|0.4487387205246202|0.5884347784259027|0.15135366515031543|0.5237768529514544|0.1961406487334006,13.196001768112183
UPPER,1,PREMOLAR_UR5_LL5,3,CUSP_IN,8,0.24211099186239543,0.6069231132315375|0.4889717477288237|-0.3094806426864048|-0.29994411194123055|1.2270175422992484|0.5365120751872198,13.610960245132446
UPPER,1,PREMOLAR_UR5_LL5,3,CUSP_OUT,7,0.2534445520137992,0.19543636707102469|0.24922674722658622|0.37953260817992773|0.3768334749336112|1.033618206829507|0.7213751610948664,13.206999063491821
UPPER,1,PREMOLAR_UR4_LL4,4,MESIAL,1,0.32753655211504046,0.1882469441967915|0.19785015381445395|1.0171560651751372|0.7172771537442963|0.16798953749127515|0.12124828890989163,13.664999961853027
UPPER,1,PREMOLAR_UR4_LL4,4,DISTAL,2,0.649074875259475,-0.010270577901268396|0.4550983838866562|0.2645895860903383|0.8822074421097356|0.9650535624827205|0.5741191088461535,13.534998416900635
UPPER,1,PREMOLAR_UR4_LL4,4,BUCCAL_OR_LABIAL,3,0.7287776719788237,0.04450598429694497|0.8154556604639926|0.3601415279442238|0.039813127329448306|0.26859228082356135|0.18663022755248979,13.559957265853882
UPPER,1,PREMOLAR_UR4_LL4,4,LINGUAL_OR_PALATAL,4,0.7129939348512407,0.4754421491937686|0.14064082688795093|0.5680061527645309|0.7047841729309985|0.7762278587831719|0.6669327178071343,14.212962627410889
UPPER,1,PREMOLAR_UR4_LL4,4,PIT,5,3.2637947184938296,0.8334434506538351|0.7886066416534018|0.999451911117333|1.0486225479119238|0.467514836192738|0.08757164486632482,13.690069437026978
UPPER,1,PREMOLAR_UR4_LL4,4,CUSP_IN,8,0.2845133971000283,0.37871921168986733|0.12686123756727286|0.9411058332805257|0.931133044375153|0.7497743873654771|0.04722215612844194,13.277633666992188
UPPER,1,PREMOLAR_UR4_LL4,4,CUSP_OUT,7,0.7476344040960303,0.5089199447494532|0.5888580725622333|0.222648398528976|0.1745838838902697|0.7727468779154131|0.12402175266153759,13.46496033668518
UPPER,1,CANINE_UR3_LL3,5,MESIAL,1,0.42940195914189,0.8816816854537167|-0.26637451816059626|0.8680257865472673|-0.18480368049527163|1.3166163749372684|0.7498692252289555,12.906960248947144
UPPER,1,CANINE_UR3_LL3,5,DISTAL,2,0.4918544157942982,0.5561331046227292|0.9373827431175779|-0.03119240045688218|0.24460152209604508|0.6171017527485336|0.21987772323947657,12.964002132415771
UPPER,1,CANINE_UR3_LL3,5,BUCCAL_OR_LABIAL,3,0.8840301818473377,0.21870239270831848|1.0918284252086503|0.9944299060101351|0.5021634617156159|-0.24552512048748376|-0.4284937007889648,12.985040187835693
UPPER,1,CANINE_UR3_LL3,5,LINGUAL_OR_PALATAL,4,1.4177692002971105,0.4566046800035628|0.16574344121829637|0.2631523147217027|0.45346906100973855|0.6895188976686202|0.446442008464954,12.86796236038208
UPPER,1,CANINE_UR3_LL3,5,CUSP,6,0.33199085798830247,0.30952428902347695|0.7008353786256767|0.6428387407319253|-0.1314050498818867|0.8838656987231855|0.3041432894807013,13.111974239349365
UPPER,1,INCISOR_UR2_LL2,6,MESIAL,1,0.585425861017427,1.445700518664002|0.06512007189661341|0.8936978937229973|0.3986715836772441|0.8437887312909608|0.45691991181347114,12.666961669921875
UPPER,1,INCISOR_UR2_LL2,6,DISTAL,2,0.6567327959379182,-0.20075523128433984|0.8921780509213466|0.5474147595309052|0.7310344706098817|0.5768155207263332|0.2824406324217751,12.898026704788208
UPPER,1,INCISOR_UR2_LL2,6,BUCCAL_OR_LABIAL,3,1.4338409804012118,0.3787883807878639|0.4909162146316096|0.6467787248337645|0.16559396488634864|0.612550291923304|0.6479286237002021,12.718014001846313
UPPER,1,INCISOR_UR2_LL2,6,LINGUAL_OR_PALATAL,4,2.051981717512138,0.6106865723621864|0.6302728054677902|0.4012840109722283|0.9275166432811165|0.7385088813312655|0.43814632878142246,12.717035293579102
UPPER,1,INCISOR_UR2_LL2,6,CUSP,6,0.47854372090990693,0.6145174134120663|0.8544295286155875|0.8412234056877049|0.37121070482254226|0.8529444345198729|0.3662915982079902,12.814965963363647
UPPER,1,INCISOR_UR1_LL1,7,MESIAL,1,0.4026531596530001,1.0942015985392608|0.09668290723422834|0.4214553340155371|0.46055338187235995|0.39126162910147955|0.2262726743880018,13.346962690353394
UPPER,1,INCISOR_UR1_LL1,7,DISTAL,2,0.4257680007164486,0.05782730586837026|1.055611129394413|1.4949414763349953|1.6653747413505524|0.9466728391080745|0.6263903853243308,13.405000925064087
UPPER,1,INCISOR_UR1_LL1,7,BUCCAL_OR_LABIAL,3,2.3720370013859418,0.10532209345615284|0.10435776060065982|0.6757380942876353|0.160486324046059|0.24460023680536405|0.3168236677700165,13.398966550827026
UPPER,1,INCISOR_UR1_LL1,7,LINGUAL_OR_PALATAL,4,2.8930966581470714,0.23697320049951875|0.6047839946004858|0.40900744650650456|0.8825906526705267|0.14855611205830643|0.22120566160041644,15.966001510620117
UPPER,1,INCISOR_UR1_LL1,7,CUSP,6,0.9684883374545284,0.4373293811276329|0.43152419275264864|0.7906360126785347|0.39588237636764856|1.0534107533646948|0.3598975705089527,14.768041849136353
UPPER,1,INCISOR_UL1_LR1,8,MESIAL,1,0.29417465805229187,0.21761046741145995|0.869126431463963|0.7462533839745739|0.5856080575524825|0.8138969200034741|0.6494964997509324,13.26203465461731
UPPER,1,INCISOR_UL1_LR1,8,DISTAL,2,0.6072758052537045,0.999717781426731|0.008289566496742229|0.39208179040012064|0.5242015790004109|0.22341738951239248|0.11374994769952912,14.467968225479126
UPPER,1,INCISOR_UL1_LR1,8,BUCCAL_OR_LABIAL,3,1.9937234665449666,1.0344805002383268|0.7847607860067397|1.1533294390778102|0.10813233028844328|0.17978778572768606|0.20863949354704803,13.584001541137695
UPPER,1,INCISOR_UL1_LR1,8,LINGUAL_OR_PALATAL,4,2.7190423120753207,0.4792327147012443|0.7247743427788049|0.5315138474400545|0.8540182885503217|0.4887972603239703|0.916155442540453,13.422000408172607
UPPER,1,INCISOR_UL1_LR1,8,CUSP,6,0.39397756371787107,0.4241387940596748|0.3642069470552501|0.3158165796182868|-0.029094130609815|1.021376454791425|0.4379556203884708,13.46096158027649
UPPER,1,INCISOR_UL2_LR2,9,MESIAL,1,0.20209756152321987,0.10594859171963367|0.3783222728028406|0.4630665192302087|0.3473967369166496|0.7984699682591094|0.6168020153008947,13.180960655212402
UPPER,1,INCISOR_UL2_LR2,9,DISTAL,2,0.8523105898872503,1.7198578604031094|0.4000817241258958|0.1823011111712911|0.18716244267321896|0.5996043891963333|0.4327152924008902,12.944023847579956
UPPER,1,INCISOR_UL2_LR2,9,BUCCAL_OR_LABIAL,3,1.4627014545381984,1.0016347277139162|0.4855556399220771|0.9347121170558734|0.05548797565747547|0.2940431536835924|0.3929843741012202,13.166965007781982
UPPER,1,INCISOR_UL2_LR2,9,LINGUAL_OR_PALATAL,4,2.7417380120126995,0.22959998893180744|0.4986281092002428|-0.004287844335835123|1.019054652657527|0.7973369290487999|0.33789254121228557,13.397968292236328
UPPER,1,INCISOR_UL2_LR2,9,CUSP,6,1.0068464895167015,0.47012089280116065|-0.004628879895265434|1.1928271429851265|0.4225699662197525|0.981106151477744|0.24770228911275907,12.50700855255127
UPPER,1,CANINE_UL3_LR3,10,MESIAL,1,0.4884501404565018,0.4291556084320367|0.9352608711381846|0.8529716987696196|0.2417309308896302|0.6227856222509989|0.22299601940561797,12.39796257019043
UPPER,1,CANINE_UL3_LR3,10,DISTAL,2,0.5409338460455314,0.3187577564347389|0.09888917614846482|0.5711425381955336|0.7621604292096147|0.6746386990090867|0.4936928057374944,12.379958868026733
UPPER,1,CANINE_UL3_LR3,10,BUCCAL_OR_LABIAL,3,1.1883949689536746,0.6955021900312259|0.07779396666740845|0.5589703084336536|0.20501673929163056|0.45920013697871553|0.3868354356774526,12.661960124969482
UPPER,1,CANINE_UL3_LR3,10,LINGUAL_OR_PALATAL,4,1.3639136415402846,0.19616660293543398|0.48080175071378395|0.9668180398581956|1.082671754771606|0.7371529347983218|0.48902354816548305,12.364999294281006
UPPER,1,CANINE_UL3_LR3,10,CUSP,6,0.3590820579522224,0.3314301954015251|0.27059265667291155|0.4103032375990221|0.3014061353684494|0.3783860368230122|0.16948838351692574,12.417999505996704
UPPER,1,PREMOLAR_UL4_LR4,11,MESIAL,1,0.42458076409005474,0.537952300769155|0.6893074063946776|1.1535205905548904|0.23787784317706073|0.4574665683240507|0.16853839710584756,12.83300232887268
UPPER,1,PREMOLAR_UL4_LR4,11,DISTAL,2,0.42662863021755376,0.4772035081278371|-0.23635297763353297|0.0745229015522155|0.9587384303661098|0.705572379557545|0.4254651892642069,12.902041673660278
UPPER,1,PREMOLAR_UL4_LR4,11,BUCCAL_OR_LABIAL,3,0.18239463742648038,0.5411894976561272|0.04075486331277279|0.8664056235896451|0.6304968265600339|0.09498797781893213|0.03503346362520233,12.840000867843628
UPPER,1,PREMOLAR_UL4_LR4,11,LINGUAL_OR_PALATAL,4,0.6757624250359338,0.08778740448455125|0.6889438280957869|0.7065443100619364|0.9158662450124588|0.5158579284783343|0.4014140262452812,12.982980012893677
UPPER,1,PREMOLAR_UL4_LR4,11,PIT,5,3.1477619073452776,0.667955121008601|0.8088293031025662|0.3098085669185182|0.17593210486319644|0.9088561605750071|0.2849355444787554,14.067964553833008
UPPER,1,PREMOLAR_UL4_LR4,11,CUSP_IN,8,0.3254803479897093,0.07868759176318547|0.20310135796826023|0.5445599876303587|0.5363527672468512|0.9395415920157233|0.36413011229041015,13.429996728897095
UPPER,1,PREMOLAR_UL4_LR4,11,CUSP_OUT,7,0.27788430539650844,1.3388669250982654|0.9782650348980012|0.7171780210399243|0.3736014607459013|0.954739446118412|0.10650282511998391,14.867961168289185
UPPER,1,PREMOLAR_UL5_LR5,12,MESIAL,1,0.4396333545958303,0.8797659905036069|0.842306283322848|1.0402561591601847|0.5307622948578452|0.6055939163276395|0.41144134515319064,13.765044927597046
UPPER,1,PREMOLAR_UL5_LR5,12,DISTAL,2,0.46211946969223344,0.7406768964436509|0.471277026422785|0.04204267196949951|0.5415488604719854|0.9521719299577921|0.7923011140040686,13.663977861404419
UPPER,1,PREMOLAR_UL5_LR5,12,BUCCAL_OR_LABIAL,3,0.9576383723096015,0.8175267546866635|0.11474095517738214|0.8456137795545171|0.7065096948509271|0.740434062668314|0.6740102262346949,13.95599627494812
UPPER,1,PREMOLAR_UL5_LR5,12,LINGUAL_OR_PALATAL,4,0.6350222576928062,0.050849923233722005|0.2973755275573294|0.8084018656488643|0.9271435574842088|0.2395585783001893|0.16393186290191053,13.910999774932861
UPPER,1,PREMOLAR_UL5_LR5,12,PIT,5,3.2626666459291664,0.3377728827819664|0.4393880480463673|0.23573109873738246|0.6205463343712508|1.1173026033730493|0.3524351870320247,13.597998142242432
UPPER,1,PREMOLAR_UL5_LR5,12,CUSP_IN,8,0.3255148119699525,0.8099730183938199|0.9061254152168332|0.18815609705282743|0.27834931985624123|0.5708960911869205|-0.1566228603450981,13.532995462417603
UPPER,1,PREMOLAR_UL5_LR5,12,CUSP_OUT,7,0.2596663080380273,0.4571814832957846|0.1585744945593155|0.10402497272043827|0.05809759406103649|0.8305061600281585|-0.0898293564059351,13.603998899459839
UPPER,1,MOLAR_UL6_LR6,13,MESIAL,1,0.35176451760337996,0.7065013680052649|0.7959262871975673|1.1444410135633118|0.289944757202563|0.561838913736352|0.4753870426104668,14.702955484390259
UPPER,1,MOLAR_UL6_LR6,13,DISTAL,2,1.1132175525689811,0.6855263892114849|-0.03821255769076365|0.0017208521653039044|0.8265629546454474|0.7254480343899964|0.5435172256704127,14.765997886657715
UPPER,1,MOLAR_UL6_LR6,13,BUCCAL_OR_LABIAL,3,1.5725994312024514,0.7403877089337433|-0.03292210027395076|0.761666261171267|0.6378261612400801|0.25406210635469256|0.15202574840685884,14.695947170257568
UPPER,1,MOLAR_UL6_LR6,13,LINGUAL_OR_PALATAL,4,1.8032214164968325,0.32323258994905424|0.9790006523931327|0.7663933267771244|0.843935887934821|0.655659506037535|0.41236064008666806,14.777000427246094
UPPER,1,MOLAR_UL6_LR6,13,PIT,5,3.9426743739642607,0.33035076914516226|0.19023389510953898|0.15674634260621464|0.0951692911756565|1.2711490976534479|-0.4788282867577637,14.670960187911987
UPPER,1,MOLAR_UL6_LR6,13,CUSP_IN_MESIAL,12,18.871647178804476,0.014270415075003706|0.6523543546441116|0.7629240549948857|0.6800923273517757|0.7304717824041489|0.45990048425501096,15.662962436676025
UPPER,1,MOLAR_UL6_LR6,13,CUSP_IN_DISTAL,13,0.5300535272475773,0.24356720891508865|0.4652633723998699|0.262684695013382|0.6243466297734483|0.9484205400525767|0.2945645921035748,15.099963903427124
UPPER,1,MOLAR_UL6_LR6,13,CUSP_OUT_MESIAL,9,0.2355079025589578,0.8244810115920622|0.17783300737244218|0.7645457303653018|0.4954527952876878|1.1082708899119533|0.23873698321530784,14.886976957321167
UPPER,1,MOLAR_UL6_LR6,13,CUSP_OUT_DISTAL,11,0.5245771593180352,0.8020592204126209|0.37932217016635145|0.6812036081261721|0.8425574071748178|0.95066816613456|0.31806939721154714,14.753996133804321
UPPER,1,MOLAR_UL7_LR7,14,MESIAL,1,0.6525995604620338,0.8986618023375151|0.9962049746079071|0.6572020862639021|0.09103506074413359|0.839803140048938|0.6188410069410445,14.39296555519104
UPPER,1,MOLAR_UL7_LR7,14,DISTAL,2,1.0109498228375107,0.9903308227463575|0.6394614016392444|0.3795994737951903|1.1162306346888209|0.6977311816716979|0.6048236678639591,15.618037462234497
UPPER,1,MOLAR_UL7_LR7,14,BUCCAL_OR_LABIAL,3,1.976669246104464,0.993751191217599|-0.014387805050122882|0.4161543516916497|0.3622655171430957|0.898260333991144|0.9055843503303144,14.681998491287231
UPPER,1,MOLAR_UL7_LR7,14,LINGUAL_OR_PALATAL,4,1.0420492397623418,0.0815659483409357|1.0326323998197888|-0.10602337522088362|0.0735532957071919|0.6699316911788058|0.062467246938076926,14.458006620407104
UPPER,1,MOLAR_UL7_LR7,14,PIT,5,4.26443898192931,0.8928444263047979|0.647635184882592|0.511993205822793|0.6458405586751498|0.6953182336090198|0.005988715170708092,14.534136533737183
UPPER,1,MOLAR_UL7_LR7,14,CUSP_IN_MESIAL,12,0.8011522304198285,0.8929887749999517|0.8193860034085979|0.7635867048555558|0.7320832014397443|0.5129825487544823|0.026391194743296764,14.354039430618286
UPPER,1,MOLAR_UL7_LR7,14,CUSP_IN_DISTAL,13,0.2690628684103717,0.5731113786438287|0.454314040983826|-0.1309192774471853|0.6302125014051696|0.687283845100246|-0.42811521208237824,14.323961019515991
UPPER,1,MOLAR_UL7_LR7,14,CUSP_OUT_MESIAL,9,0.5593513029573507,0.7510395534800792|0.6425674110113678|0.5788104933609423|0.5591101685492633|0.7882773796221314|0.4340040677272067,14.41599702835083
UPPER,1,MOLAR_UL7_LR7,14,CUSP_OUT_DISTAL,11,0.4649115978259615,0.6589841229748177|0.298894156749697|0.4094048116451324|0.5578057734728179|0.6584056178979324|0.25750636630367163,14.273997068405151
LOWER,2,MOLAR_UR7_LL7,1,MESIAL,1,0.7532432439137761,0.6190981861209693|0.5692083898631228|1.1038879039871548|0.42580240808449193|0.5588825511213744|0.13367741831455277,14.61196231842041
LOWER,2,MOLAR_UR7_LL7,1,DISTAL,2,0.8245633464560967,0.22770662419328402|0.42268672586077394|0.5440163122291896|1.0884586392350024|0.4024050496456646|0.5862560041927748,14.708962202072144
LOWER,2,MOLAR_UR7_LL7,1,BUCCAL_OR_LABIAL,3,1.6989381181122154,0.07006809705978312|0.5004907457781209|0.5682158039269313|0.4170366426002147|0.7302601402447579|0.3858115612406072,14.85897970199585
LOWER,2,MOLAR_UR7_LL7,1,LINGUAL_OR_PALATAL,4,1.5239827947827789,0.9749180206817316|0.6161091459309915|0.24090617668573194|0.29319610702552495|0.8509014591431076|0.8672518591910476,14.648995876312256
LOWER,2,MOLAR_UR7_LL7,1,PIT,5,3.847485789990512,0.7471448476955493|0.3074242340004443|0.3918336953099628|0.36080858702401347|0.9773781119560974|0.12995512475961468,14.865954399108887
LOWER,2,MOLAR_UR7_LL7,1,CUSP_IN_MESIAL,12,0.5187247714116716,1.1356487212387623|0.746947853647656|0.0462999423256496|0.027902359684337977|0.9769568166666359|0.3165114068593292,14.838001489639282
LOWER,2,MOLAR_UR7_LL7,1,CUSP_IN_DISTAL,13,0.6625898665750968,0.9163010389291413|0.10488821600587968|0.5540163858825637|0.7330533516843498|0.8888720308006359|-0.04906433962616823,14.703959703445435
LOWER,2,MOLAR_UR7_LL7,1,CUSP_OUT_MESIAL,9,0.4578594769921233,0.2902958988799122|0.368085130875876|0.6224879515330897|0.33158551606812064|1.1025826920447368|0.06933762613145765,14.661956071853638
LOWER,2,MOLAR_UR7_LL7,1,CUSP_OUT_DISTAL,11,0.42062578176922977,0.3772760015523049|0.5554293247786958|0.6844486855271867|0.770613266194806|1.0676612975545465|0.21534590153929842,14.980957269668579
LOWER,2,MOLAR_UR6_LL6,2,MESIAL,1,0.47092357155968145,0.5374362657758421|0.3293134491727347|1.0553904901659816|0.04794606004421467|0.7507850729173098|0.37145744947489107,15.739959955215454
LOWER,2,MOLAR_UR6_LL6,2,DISTAL,2,0.6169597578686568,0.27267835941339924|0.5521882909924017|0.35670432339734326|0.7009518976756469|0.32747336324295007|0.09369115838191071,16.415958166122437
LOWER,2,MOLAR_UR6_LL6,2,BUCCAL_OR_LABIAL,3,0.8189503036941078,0.22526607709342117|0.7780118138116068|0.06087244367403288|-0.11494284229647456|0.5866500767561728|0.31500269173762174,15.40700387954712
LOWER,2,MOLAR_UR6_LL6,2,LINGUAL_OR_PALATAL,4,1.7342613499671087,0.8600381324296853|0.15583923215811613|0.6929511728897411|0.8844385730605221|0.44834106022712616|0.5359660312331314,15.555997133255005
LOWER,2,MOLAR_UR6_LL6,2,PIT,5,3.981742250063396,0.27119648832482923|0.37951304608038794|0.5004911147616388|0.6097961676418837|0.959938461705048|-0.0392180164806078,15.610961437225342
LOWER,2,MOLAR_UR6_LL6,2,CUSP_IN_MESIAL,12,0.21830174122273574,1.199057819980634|0.9518760461298387|1.1405578536618326|1.2026737311862312|0.7067524157936604|0.02020636832812367,15.309958457946777
LOWER,2,MOLAR_UR6_LL6,2,CUSP_IN_DISTAL,13,0.35760839077235845,0.8070028749358702|0.4998057555709754|-0.19834727770877283|0.11714200474706407|1.4313498487240777|0.4707409349308731,15.597001552581787
LOWER,2,MOLAR_UR6_LL6,2,CUSP_OUT_MESIAL,9,0.5574260289185422,0.2824410747744766|0.3430585514103791|0.7346584386982521|0.5691922035950454|0.8218094479330071|0.03004232627103008,15.66295838356018
LOWER,2,MOLAR_UR6_LL6,2,CUSP_OUT_DISTAL,11,0.781325379678245,0.5207115550987798|0.8347173481603329|-0.04439231957170703|0.43530154912280683|1.3251068958357417|-0.021690779331580923,15.458996295928955
LOWER,2,MOLAR_UR6_LL6,2,CUSP_OUT_MIDDLE,10,0.4879731055482735,0.4119765414943377|0.5612065016761459|0.2777559051850058|0.4467640176669375|1.1105693702021897|0.05576038645387212,15.426997423171997
LOWER,2,PREMOLAR_UR5_LL5,3,MESIAL,1,0.25233597068199015,0.11504916431056916|0.004876198117875652|0.8560882923131313|0.19985051783249835|0.8193215552716078|0.6119666380058335,14.293964147567749
LOWER,2,PREMOLAR_UR5_LL5,3,DISTAL,2,0.5214158260421772,0.1773790066812378|0.9333137040270274|0.3238054115313169|1.1409442274300967|0.6998114902686657|0.25469663527546194,14.047959804534912
LOWER,2,PREMOLAR_UR5_LL5,3,BUCCAL_OR_LABIAL,3,1.2410426226274145,-0.032175489352553766|1.0406259310735733|0.6049875959388913|0.08621170796983868|0.6082855327151495|0.4021120818364954,13.961015224456787
LOWER,2,PREMOLAR_UR5_LL5,3,LINGUAL_OR_PALATAL,4,0.4050357719819777,1.07466725595578|-0.5107137203208861|0.11064948621320014|0.9014355452320246|0.5912902282578982|0.45072666483754176,13.976994752883911
LOWER,2,PREMOLAR_UR5_LL5,3,PIT,5,3.1087359700478636,0.1150102086386054|-0.20147345419571921|0.10586330169161778|0.7461639396387592|1.1085933547591627|0.06543021470034949,13.968999147415161
LOWER,2,PREMOLAR_UR5_LL5,3,CUSP_IN_MESIAL,12,0.14319724733339745,0.7557541440640014|0.4021084236059894|0.8576861638744631|0.84058283114888|0.924297176852269|0.038679321220538354,13.92896819114685
LOWER,2,PREMOLAR_UR5_LL5,3,CUSP_IN_DISTAL,13,0.4712012457958551,0.769520260334107|0.4843517073927324|-0.18001219262909046|0.46458832541422695|1.0987219713662726|0.009013468764991941,14.446001529693604
LOWER,2,PREMOLAR_UR5_LL5,3,CUSP_OUT,7,0.4064993870259471,0.5240919162526327|0.8235853197688883|0.6441707688874386|0.6072286472981961|0.7631370657292512|0.14256078673643569,13.689998626708984
LOWER,2,PREMOLAR_UR4_LL4,4,MESIAL,1,0.22516681642454095,0.47633358403895554|0.15725553892505859|1.0704889998943454|0.3122372115890568|0.9506445519361223|0.3117250234952969,13.270999670028687
LOWER,2,PREMOLAR_UR4_LL4,4,DISTAL,2,0.3914554094537461,0.5889974056160896|1.046242789252445|0.16168892650849107|0.796278059532138|0.7587551070439416|0.5443900668645986,14.118058681488037
LOWER,2,PREMOLAR_UR4_LL4,4,BUCCAL_OR_LABIAL,3,1.1277097075966487,0.06586124396894188|0.6460835672250025|0.6834913010856252|0.09132490741892019|1.0818279987865698|0.7922312807788905,12.9850013256073
LOWER,2,PREMOLAR_UR4_LL4,4,LINGUAL_OR_PALATAL,4,1.2776237412069331,0.7559948455059171|0.47385902933202895|0.550399729695037|0.8221054417928328|0.2642252769236238|0.2385665185690559,12.955965042114258
LOWER,2,PREMOLAR_UR4_LL4,4,PIT,5,2.182829617495219,0.36973643855833727|0.044652519001406626|0.5627276605389969|0.8623219230354457|0.5845554269685183|0.07024711354708271,13.02099895477295
LOWER,2,PREMOLAR_UR4_LL4,4,CUSP_IN,8,1.1063737297642786,0.3837817448741054|0.14125206694622594|-0.04493350320954806|0.22482926782579443|0.5632401690862654|0.14601637480822038,12.859999418258667
LOWER,2,PREMOLAR_UR4_LL4,4,CUSP_OUT,7,0.4225499935091208,-0.16452333222257032|0.26510300401924614|0.9238213266348912|0.9790751221551868|1.0650394659080704|0.21555002081369085,12.950960874557495
LOWER,2,CANINE_UR3_LL3,5,MESIAL,1,0.4037267735059451,0.4697449913913266|0.145649112668928|0.32315829758836523|0.05006865246078951|0.473822971480946|0.3199404959954203,12.630000829696655
LOWER,2,CANINE_UR3_LL3,5,DISTAL,2,0.7640638962426253,-0.07458216283278268|0.9996306958497765|0.255539293921071|0.931977865839554|0.8337531779398537|0.5113991274591286,12.628967523574829
LOWER,2,CANINE_UR3_LL3,5,BUCCAL_OR_LABIAL,3,1.5442187370811191,0.25930419562029133|0.4449283614079359|0.3075335680381533|0.08550921726785876|0.33899645105625453|0.3072899762266316,12.407001733779907
LOWER,2,CANINE_UR3_LL3,5,LINGUAL_OR_PALATAL,4,1.8751358774132287,1.1750426456353829|0.28174975902360333|0.48846358166238824|0.6782206277494285|0.9893160617878503|0.7832086067019632,12.302067279815674
LOWER,2,CANINE_UR3_LL3,5,CUSP,6,0.1310407164720845,0.7803621574561095|1.0170956160017204|1.2108751878978494|0.9488308108612392|0.6081866475076616|-0.19897090486393992,12.413051128387451
LOWER,2,INCISOR_UR2_LL2,6,MESIAL,1,0.23116706125928402,0.8941474596127612|0.45443830665066154|0.6729573222354446|0.4506919012881783|0.8798232304771245|0.7269854122967931,12.322019577026367
LOWER,2,INCISOR_UR2_LL2,6,DISTAL,2,0.3761037407862835,0.34256111740516393|0.9298769765401427|0.35860765369612113|0.44087610726791404|0.3147676255218549|0.3132756851783979,12.32603931427002
LOWER,2,INCISOR_UR2_LL2,6,BUCCAL_OR_LABIAL,3,2.3174281721165575,0.8416546041111732|0.9385577681022995|0.8439207450883874|0.2764966908545553|0.6999609990767204|0.6576125751625805,12.320002317428589
LOWER,2,INCISOR_UR2_LL2,6,LINGUAL_OR_PALATAL,4,2.4825061152543646,0.21735248153655043|0.8305752880628312|0.7456614483736452|1.2226868752278077|0.7345525474888736|1.0777242524929977,12.333062171936035
LOWER,2,INCISOR_UR2_LL2,6,CUSP,6,0.29273359831501033,0.5288786616119592|0.6804614570443738|0.1169871987983977|-0.009808217253746199|1.4119421003276604|0.35384437642079575,12.332005023956299
LOWER,2,INCISOR_UR1_LL1,7,MESIAL,1,0.10763551035611081,0.8072622654341872|-0.204460798813084|0.6442426832485371|0.4151505603343611|0.6153175256481219|0.47640357268925493,12.236968755722046
LOWER,2,INCISOR_UR1_LL1,7,DISTAL,2,0.24689169995386734,-0.002131794274375043|0.3311513742336325|0.6192214181325117|0.6300416480751844|0.8070596674904044|0.7565561859062184,12.224981546401978
LOWER,2,INCISOR_UR1_LL1,7,BUCCAL_OR_LABIAL,3,2.114207080093373,0.6763703812391983|0.7850310221852781|1.5716332894227425|0.17644426967761487|0.04828600013078635|0.0007593898718196018,12.378968954086304
LOWER,2,INCISOR_UR1_LL1,7,LINGUAL_OR_PALATAL,4,2.1582150928579678,0.3391685969856342|0.9535755234754261|0.22115207232944956|0.5715317105335225|0.4755209200999685|0.6425357338600094,13.014001846313477
LOWER,2,INCISOR_UR1_LL1,7,CUSP,6,0.30770814902770016,0.21064186735406076|0.21908617348991039|0.7491763542217351|0.6029765134362552|0.7446657219780779|-0.27035969547998884,12.393022775650024
LOWER,2,INCISOR_UL1_LR1,8,MESIAL,1,0.1954942005045464,-0.009822642686850347|0.7950914412814323|0.6103384983018436|0.6948732259109112|0.5353583279049894|0.011418532433439231,13.057998895645142
LOWER,2,INCISOR_UL1_LR1,8,DISTAL,2,0.20703764015842477,0.9492089862882995|0.12391777331000567|0.6474613580336863|0.5991625678338346|0.8123985572677741|0.6990067745803625,12.44896411895752
LOWER,2,INCISOR_UL1_LR1,8,BUCCAL_OR_LABIAL,3,2.1760728888416287,0.6148444935736033|0.6574002644251085|0.8834395001194865|-0.058353611398907435|0.483478710238129|0.4678853216936855,12.431960105895996
LOWER,2,INCISOR_UL1_LR1,8,LINGUAL_OR_PALATAL,4,2.3368007571592155,0.415499954728101|1.1104222427005803|0.12596087576843795|0.4141402242257647|0.7443177091387996|0.9623882564997479,12.553964853286743
LOWER,2,INCISOR_UL1_LR1,8,CUSP,6,0.7403184439184736,0.44279406673863164|0.5021429108781965|0.9546425439571792|0.930719727856806|0.9342969972892772|0.26464922260757584,12.505962610244751
LOWER,2,INCISOR_UL2_LR2,9,MESIAL,1,0.4901362054092369,0.4519637079131512|0.8790288093909822|0.4092968515103875|0.24472212323736886|0.4814038872318026|0.38534177151712756,12.57595944404602
LOWER,2,INCISOR_UL2_LR2,9,DISTAL,2,0.557791713055136,0.8399314112273418|0.06356467454505288|0.5918858605973747|0.4346723706600445|0.4439292492704211|0.2404058451287827,12.481016874313354
LOWER,2,INCISOR_UL2_LR2,9,BUCCAL_OR_LABIAL,3,1.4855302258375414,-0.020583441422569404|-0.29877459066099943|0.6043513375262345|-0.328028031329896|0.8551084325336007|0.8515165708738582,12.141963481903076
LOWER,2,INCISOR_UL2_LR2,9,LINGUAL_OR_PALATAL,4,2.221917510176154,0.45187756735204065|0.9649245633296973|0.15891866751049644|0.34890100947923763|0.5221763228868384|0.4406905677047518,12.551997423171997
LOWER,2,INCISOR_UL2_LR2,9,CUSP,6,0.3381923963659858,0.8584565717286989|0.6593238215083621|0.8270318502053124|0.4284470586685276|0.4565653040699567|-0.7019869415502289,12.469041347503662
LOWER,2,CANINE_UL3_LR3,10,MESIAL,1,0.36034366208166857,-0.014878664632753877|0.40095986435074826|0.6439750752199287|0.35567801587109166|0.9463767093723766|0.7246937140914872,12.42096495628357
LOWER,2,CANINE_UL3_LR3,10,DISTAL,2,0.35069669749933546,0.8434586823894279|0.12231979898613299|-0.07428233499158389|0.5525465241415165|1.0093566754834837|0.6659962964437046,12.318005323410034
LOWER,2,CANINE_UL3_LR3,10,BUCCAL_OR_LABIAL,3,1.3753613232732873,0.7738383438603578|0.3431991464664208|0.9235017735287272|0.3452396217742747|0.5090743188643929|0.4398263637551742,12.431966304779053
LOWER,2,CANINE_UL3_LR3,10,LINGUAL_OR_PALATAL,4,2.3405741124497825,-0.01263159983611535|0.8244067242587534|0.9614828702238603|1.009997587447916|1.2861326295453583|1.1607587297779665,12.457996129989624
LOWER,2,CANINE_UL3_LR3,10,CUSP,6,0.16590946062902603,0.35721092326791826|0.24556332832848732|0.539392874772306|0.4847215203232166|0.8329565777044503|0.5007945972422148,12.32400107383728
LOWER,2,PREMOLAR_UL4_LR4,11,MESIAL,1,0.31007584483597544,-0.0018734326132226406|0.12899876703954466|1.1566401502143955|0.03409792011143621|1.0293840317633514|0.7027816597498406,13.373003721237183
LOWER,2,PREMOLAR_UL4_LR4,11,DISTAL,2,0.45183080428206107,0.680225034964895|0.5325784817261797|0.33962595228715586|0.6601832350848311|0.8967964494478781|0.834499796706264,13.198960065841675
LOWER,2,PREMOLAR_UL4_LR4,11,BUCCAL_OR_LABIAL,3,0.51859153412265,0.7838336714009162|0.6065165832906574|0.7738556719501587|0.6917901254451717|0.5153032561478385|0.4674806437591793,12.939040660858154
LOWER,2,PREMOLAR_UL4_LR4,11,LINGUAL_OR_PALATAL,4,0.5283945407422683,0.25796707817949216|1.153097092967605|0.3251553587266386|0.4975278473657965|0.6314418269418518|0.39025273185475273,13.251962661743164
LOWER,2,PREMOLAR_UL4_LR4,11,PIT,5,2.1199903873378627,0.7808551419779424|1.3495151451686842|0.11092512598585952|0.02916094183616491|1.318135780917597|0.6831634101136299,13.050001382827759
LOWER,2,PREMOLAR_UL4_LR4,11,CUSP_IN,8,0.2698409385078691,0.054407668319496144|0.6243012400970809|0.12877957878604052|0.28797647183602826|0.9350677873184581|0.17736138639442367,13.717995643615723
LOWER,2,PREMOLAR_UL4_LR4,11,CUSP_OUT,7,0.3456302516611377,0.24646016100051094|0.1241050143882656|0.746328062481427|0.6956245203864775|0.9153347417059513|0.3214028989021151,12.927039861679077
LOWER,2,PREMOLAR_UL5_LR5,12,MESIAL,1,0.8176548452356417,0.0032854062224245695|0.19034546813092856|0.9311643210954863|0.2781316238966234|0.6550008239996683|0.4725716317753781,13.19605827331543
LOWER,2,PREMOLAR_UL5_LR5,12,DISTAL,2,2.157730068925065,0.5181648586885288|0.10906031293474933|0.36090676937642474|0.4480308678053958|0.7633069799295259|0.4583602433675046,13.193011999130249
LOWER,2,PREMOLAR_UL5_LR5,12,BUCCAL_OR_LABIAL,3,1.5995726632369272,1.0514418962182543|0.3719781185806093|0.5029832248424774|0.15684845368212386|0.5412044242870255|0.1708086853482471,13.135999202728271
LOWER,2,PREMOLAR_UL5_LR5,12,LINGUAL_OR_PALATAL,4,1.6727777219554703,0.5777287458305378|1.8679672132140073|0.09070531173942986|0.7134950691796057|0.02473444511646955|-0.019790533484196154,13.156963586807251
LOWER,2,PREMOLAR_UL5_LR5,12,PIT,5,2.70857739374011,0.23903083561893163|0.6045315657342623|0.28735219243604604|0.7026374379046112|0.9619175336442187|0.10246637914248233,13.124996662139893
LOWER,2,PREMOLAR_UL5_LR5,12,CUSP_IN_MESIAL,12,0.5584171310468573,0.6278927375065149|0.9710193925944594|0.480300687277402|0.7406561022350272|1.122410574823713|0.3229331955336542,13.145995378494263
LOWER,2,PREMOLAR_UL5_LR5,12,CUSP_IN_DISTAL,13,1.8589056814464726,0.7338973875263242|0.8046260237701415|0.30694383024273564|0.8625302495822761|0.7380281228019479|0.4790378625083803,13.448957443237305
LOWER,2,PREMOLAR_UL5_LR5,12,CUSP_OUT,7,0.22439240518644255,0.40704599278319514|0.47095176628039365|0.8172472158805673|0.7770880872966845|0.5434677922566631|-0.39069625056236995,13.178480386734009
LOWER,2,MOLAR_UL6_LR6,13,MESIAL,1,0.2357959075981285,0.6256862557100509|0.6365042359839878|0.9225160005653239|0.3428603064575086|0.9388434616832853|0.7473092871556438,16.81099820137024
LOWER,2,MOLAR_UL6_LR6,13,DISTAL,2,0.5171352676331662,1.3758386324558842|0.6905446968814356|0.11565765989556398|0.7828884720673265|1.2096907650895803|0.7313122220884666,14.741011619567871
LOWER,2,MOLAR_UL6_LR6,13,BUCCAL_OR_LABIAL,3,1.0994336310516646,0.9183362136726456|0.025399180767882668|0.9602308648400524|0.7380158580991265|0.6445805302047485|0.07736552429457533,14.625960111618042
LOWER,2,MOLAR_UL6_LR6,13,LINGUAL_OR_PALATAL,4,1.394911506616679,-0.3753344971524303|0.9768887245064608|-0.3092186137351479|0.06990846853793309|0.31518547621364584|0.44159834769477224,14.729034900665283
LOWER,2,MOLAR_UL6_LR6,13,PIT,5,4.16054386918223,-0.2740554089440482|0.03953721616941985|0.28320717260061806|0.5471206268096598|0.44337496813202526|-0.3310205486677697,14.695987462997437
LOWER,2,MOLAR_UL6_LR6,13,CUSP_IN_MESIAL,12,0.9583903114924441,-0.03631598816845849|0.4823869452158903|0.37728900121590325|0.3730939274959467|1.1062381106920598|0.3215911333808158,14.767230987548828
LOWER,2,MOLAR_UL6_LR6,13,CUSP_IN_DISTAL,13,0.5899769243685992,0.1544116136211648|0.3740595623304249|0.26713291330170097|0.48346435852843|1.0622616442266257|0.4574605149581161,14.543965101242065
LOWER,2,MOLAR_UL6_LR6,13,CUSP_OUT_MESIAL,9,0.8275493684916133,0.21463214133777692|0.1489389180566527|0.396090672732498|0.09799539720497262|0.9709899183332791|0.21863137092528184,14.76208233833313
LOWER,2,MOLAR_UL6_LR6,13,CUSP_OUT_DISTAL,11,0.6382473822102406,-0.17758116509199837|-0.21569484336810896|0.31910390158079194|0.805926654948004|1.4381796411845438|0.22506534339433665,14.77903127670288
LOWER,2,MOLAR_UL6_LR6,13,CUSP_OUT_MIDDLE,10,0.3116861629678208,0.40390786317632954|0.3679044767877083|0.5556833339343554|0.6830725269957282|0.9288634102882909|0.11941840126538783,15.308994054794312
LOWER,2,MOLAR_UL7_LR7,14,MESIAL,1,0.5960289225883357,0.5085258405364138|0.4273750472478516|1.37530597498576|0.10760352374638937|0.34189108550340375|0.02158354425994151,14.06997013092041
LOWER,2,MOLAR_UL7_LR7,14,DISTAL,2,1.159423905119907,0.010364166160210075|-0.2702310421145158|0.367671372942799|0.6733353781090972|0.9286166689403108|0.45488773339734967,14.365012407302856
LOWER,2,MOLAR_UL7_LR7,14,BUCCAL_OR_LABIAL,3,1.5200232236850713,0.9538451447957345|0.5180811010382479|0.39312153925466403|0.2512703961039939|0.5985943391375081|0.23327089299346365,14.117982625961304
LOWER,2,MOLAR_UL7_LR7,14,LINGUAL_OR_PALATAL,4,1.0402438825110134,0.05394384518732598|0.7643289133919364|0.5262570445169495|0.6505290594318646|0.5711690843157164|0.6804586734584182,14.009999990463257
LOWER,2,MOLAR_UL7_LR7,14,PIT,5,3.7708642263638223,0.37216789302513814|0.538106134509785|0.14438246741082628|0.0959381478642809|1.0568052831039862|0.6220981586027745,14.046192646026611
LOWER,2,MOLAR_UL7_LR7,14,CUSP_IN_MESIAL,12,0.2680084777589847,-0.07224709504757526|0.5657202389873995|0.4511099422606456|0.3257131339549302|0.8330223520934366|-0.42892815117819183,13.977963209152222
LOWER,2,MOLAR_UL7_LR7,14,CUSP_IN_DISTAL,13,0.29542924507469465,-0.06195675033443193|0.12525117263162092|0.1667128632953118|0.2115939296775935|0.28594812284423154|-0.07110083142178289,14.023972272872925
LOWER,2,MOLAR_UL7_LR7,14,CUSP_OUT_MESIAL,9,0.3217140255831229,-0.04680893354665994|0.1842209126936789|0.45243741852783037|0.41687194383039294|1.5524652705336377|0.6193049200989333,13.92404055595398
LOWER,2,MOLAR_UL7_LR7,14,CUSP_OUT_DISTAL,11,0.309478594417016,0.5269504813966992|0.6099859468792763|0.27029557642499297|0.28987469763824897|0.9466843327148405|0.35621169308285305,14.25600552558899
