UPPER,1,MOLAR_UR7_LL7,1,MESIAL,1,0.4921242844612872,0.26388917991518723|0.2629229179980484|0.19582945880860647|0.1799868779155572|0.052954935847350997|0.044416629515249696,11.639025211334229
UPPER,1,MOLAR_UR7_LL7,1,DISTAL,2,1.1071092108436935,0.11728656590358018|0.24230956819167027|0.04698606671503642|0.26743349124216276|0.17361664772572935|0.152367660221821,11.676326274871826
UPPER,1,MOLAR_UR7_LL7,1,BUCCAL_OR_LABIAL,3,1.1706655130455288,-0.02089640439017933|0.24337026647032323|0.2541858930636837|0.23781617554133738|0.13388660863906493|0.15163746067577005,13.278961658477783
UPPER,1,MOLAR_UR7_LL7,1,LINGUAL_OR_PALATAL,4,1.1486737748415063,0.17500782204916643|0.06284947720508405|0.15385275534870851|0.17411648421985945|0.2634623778915349|0.17071108328564666,14.39406442642212
UPPER,1,MOLAR_UR7_LL7,1,PIT,5,4.2408874775876,0.043446165115089405|0.15863175034157104|0.14610865927907654|0.14075708020145936|0.4336123740513109|0.07744397101149285,13.197967052459717
UPPER,1,MOLAR_UR7_LL7,1,CUSP_IN_MESIAL,12,0.9320723635082995,0.2486883210730454|0.20813120861117587|0.11663275133068521|0.10087343033108691|0.2386337201143497|0.08704056853965687,11.663197755813599
UPPER,1,MOLAR_UR7_LL7,1,CUSP_IN_DISTAL,13,0.3588870976916049,0.2951659532739032|0.3401683095372471|0.01587911471819119|0.27713701965022636|0.31707616784984927|-0.24542656502941715,11.547049045562744
UPPER,1,MOLAR_UR7_LL7,1,CUSP_OUT_MESIAL,9,0.4365817061004758,-0.015622118750076852|0.11080775757506191|0.2459249495519723|0.204012952254445|0.3446824514793001|0.11019400788929762,11.945976734161377
UPPER,1,MOLAR_UR7_LL7,1,CUSP_OUT_DISTAL,11,0.6345461924457647,-0.06676440791650039|0.058531311307539954|0.1557257397459093|0.2859368811227472|0.38825072215615086|0.17831975358415314,11.508965015411377
UPPER,1,MOLAR_UR6_LL6,2,MESIAL,1,0.3098012916680927,0.15711827702334855|0.127913010699189|0.40640329456145696|0.05280228973551168|0.2341117623771883|0.02165136560330545,12.78803300857544
UPPER,1,MOLAR_UR6_LL6,2,DISTAL,2,1.0069564649770437,-0.0471800390793501|0.17114154629802342|0.14405156616654066|0.3982972701971852|0.1919367528111723|0.14175290360642856,12.060999393463135
UPPER,1,MOLAR_UR6_LL6,2,BUCCAL_OR_LABIAL,3,1.8251801533612695,-0.06666175602174879|0.20750130559227808|0.21110078357058853|0.14785742279064934|0.2704147941640919|0.22978744990414088,12.40729808807373
UPPER,1,MOLAR_UR6_LL6,2,LINGUAL_OR_PALATAL,4,1.1026908546962215,0.2943184884743194|0.115742857198401|0.1631640491625263|0.20195189471337258|0.1377130763630765|0.08710963408830412,12.338650703430176
UPPER,1,MOLAR_UR6_LL6,2,PIT,5,3.9744535218811174,-0.08603205390669191|-0.08122181326762114|0.3692076136713299|0.3499921139609363|0.3063269572507989|0.14172718229124787,12.095021963119507
UPPER,1,MOLAR_UR6_LL6,2,CUSP_IN_MESIAL,12,0.4059388028908927,0.2114400971829381|0.20886027299334248|0.08512207967085025|0.07607043822138473|0.4016752876167943|0.016831824314690234,12.298605918884277
UPPER,1,MOLAR_UR6_LL6,2,CUSP_IN_DISTAL,13,0.5144648309938805,0.24454265488592214|0.2719289718286652|0.13219028328057097|0.3097963595555217|0.26391525267935234|-0.2223735222300322,11.950999975204468
UPPER,1,MOLAR_UR6_LL6,2,CUSP_OUT_MESIAL,9,0.22175994346832514,0.0162911672805857|0.03586949721545335|0.4835108297250203|0.45197757245631426|0.10935372046883789|-0.0970027871462116,12.393998384475708
UPPER,1,MOLAR_UR6_LL6,2,CUSP_OUT_DISTAL,11,0.6032370905850768,0.14798861839008104|0.32049427490702204|0.19482730600155432|0.2130034982903254|0.21201631538410567|-0.0883300129730884,12.389392137527466
UPPER,1,PREMOLAR_UR5_LL5,3,MESIAL,1,0.5080299238963023,0.11258095993304824|0.08949441116224509|0.34437410332349877|0.06708377991416668|0.24364291312095307|0.1428238325460882,10.841999769210815
UPPER,1,PREMOLAR_UR5_LL5,3,DISTAL,2,0.7076723245370605,0.2075205299092093|0.29936699684234436|0.01564199179289802|0.16785639788305556|0.17786236779699804|0.1317517157754946,11.027304649353027
UPPER,1,PREMOLAR_UR5_LL5,3,BUCCAL_OR_LABIAL,3,0.5026011217289841,-0.0014521607557724204|0.2658852966721224|0.2210701794232952|0.12270313581578907|0.2203809706189298|0.17141257822563588,10.887122869491577
UPPER,1,PREMOLAR_UR5_LL5,3,LINGUAL_OR_PALATAL,4,0.11161876164982701,0.16571759428316138|-0.0019904505100481764|0.18120167002204007|0.2225513707436239|0.24699633530213025|0.18552348015909256,11.05696439743042
UPPER,1,PREMOLAR_UR5_LL5,3,PIT,5,3.450554143682686,0.1567186166107886|0.14822854023829635|0.12310929898137342|0.24634556707186495|0.24986489841306778|0.07573307868460888,10.810117959976196
UPPER,1,PREMOLAR_UR5_LL5,3,CUSP_IN,8,0.24211099186239543,0.12564711370126078|0.07900704289317162|0.27947040199374795|0.28296886443486613|0.25235262396504826|-0.019446046988094743,10.881997346878052
UPPER,1,PREMOLAR_UR5_LL5,3,CUSP_OUT,7,0.2534445520137992,0.06211625482199843|0.127807465484792|0.2897707532569497|0.2808894433248652|0.286745642996853|-0.04732955988545836,10.88996171951294
UPPER,1,PREMOLAR_UR4_LL4,4,MESIAL,1,0.32753655211504046,0.1935560696803658|0.16602433136530861|0.3573204176965021|0.1347549618219277|0.10066533848051325|0.0476788809553827,10.726999044418335
UPPER,1,PREMOLAR_UR4_LL4,4,DISTAL,2,0.649074875259475,0.06421052271181049|0.19717143340220322|0.09276048232003076|0.27728061953894656|0.24868680894812534|0.11989013307888358,11.148001194000244
UPPER,1,PREMOLAR_UR4_LL4,4,BUCCAL_OR_LABIAL,3,0.7287776719788237,0.06943902380577244|0.39888357161767934|0.1370763565187871|0.01787647517075309|0.20610331956915007|0.17062125331785802,10.882995843887329
UPPER,1,PREMOLAR_UR4_LL4,4,LINGUAL_OR_PALATAL,4,0.6692536783608866,0.18289969819657736|0.09621799591004038|0.20570492164712254|0.2400935423283709|0.14517632808591308|0.1299075138319758,11.267972469329834
UPPER,1,PREMOLAR_UR4_LL4,4,PIT,5,3.2637947184938296,0.10218116832099408|0.05627543119635676|0.08984861372543984|0.14096759843776274|0.4926412085583903|0.11808597976105635,11.021961688995361
UPPER,1,PREMOLAR_UR4_LL4,4,CUSP_IN,8,0.2845133971000283,0.26583528030850195|0.2064699592817515|0.20000228514051427|0.20126347289254362|0.15419326082208099|-0.027764258445392296,13.985960721969604
UPPER,1,PREMOLAR_UR4_LL4,4,CUSP_OUT,7,0.7476344040960303,0.013805037751043985|3.8183190805573544|0.048454951334601676|-0.00146398077171357|24.621850834468585|-27.50096592333987,12.807978391647339
UPPER,1,CANINE_UR3_LL3,5,MESIAL,1,0.42940195914189,0.3201038784851577|0.07248034893083072|0.35230129666907084|0.1104356779741598|0.12499447571070332|0.019684322230077666,10.537606716156006
UPPER,1,CANINE_UR3_LL3,5,DISTAL,2,0.4918544157942982,-0.0069600294055009405|0.170167327362395|0.066463400393147|0.24555361785508673|0.3713187122806885|0.1534569715141837,10.547040224075317
UPPER,1,CANINE_UR3_LL3,5,BUCCAL_OR_LABIAL,3,0.8840301818473377,-0.03466748555001657|0.9026495927214945|0.08679768957097321|-0.43609150539851105|0.33254296761340174|0.1487687410426582,10.451793193817139
UPPER,1,CANINE_UR3_LL3,5,LINGUAL_OR_PALATAL,4,1.4077203906301852,0.3860857839855307|0.03131567582619606|0.08856294466039608|0.35433994123312523|0.2302082505069281|-0.09051259621217615,10.706039667129517
UPPER,1,CANINE_UR3_LL3,5,CUSP,6,0.3711208862141892,0.192990351807287|0.19566184887305715|0.2727123797547182|0.1695413004961839|0.1747646093978491|-0.005670490329095347,10.490037441253662
UPPER,1,INCISOR_UR2_LL2,6,MESIAL,1,0.585425861017427,0.33207439707225234|0.05085335900249105|0.2586273717099226|0.1621833872585161|0.14080465552929805|0.05545682942751974,10.552922487258911
UPPER,1,INCISOR_UR2_LL2,6,DISTAL,2,0.6567327959379182,0.26624063385938557|0.5413484461770236|0.034504534387188035|0.07607529912624518|0.07182414927565169|0.010006937174505855,10.496232986450195
UPPER,1,INCISOR_UR2_LL2,6,BUCCAL_OR_LABIAL,3,1.4338409804012118,0.10501362065626134|0.16244209149576003|0.3746692589347359|0.13881551204868733|0.10072972379224462|0.11832979307231066,10.441334247589111
UPPER,1,INCISOR_UR2_LL2,6,LINGUAL_OR_PALATAL,4,2.051981717512138,0.15312570638487422|0.14677336411186764|0.020438338111935836|0.34373861873526435|0.262531281688197|0.07339269096786104,10.56996750831604
UPPER,1,INCISOR_UR2_LL2,6,CUSP,6,0.47854372090990693,0.10353708940242341|0.12806218104333592|0.23760451208922004|0.19107151283489382|0.19333230525052703|0.14639239937959972,10.337944030761719
UPPER,1,INCISOR_UR1_LL1,7,MESIAL,1,0.4026531596530001,2242.9685237661065|-6149.229034652277|895.4393887134214|1241.826089588031|1475.629011418504|294.3660211662143,10.897987127304077
UPPER,1,INCISOR_UR1_LL1,7,DISTAL,2,0.4257680007164486,0.12438014980228111|0.2742018797125049|0.09346915129752961|0.11827524005045306|0.2188819875752793|0.17079159156195198,10.927989959716797
UPPER,1,INCISOR_UR1_LL1,7,BUCCAL_OR_LABIAL,3,2.3720370013859418,0.20527066562141896|0.20465081315152195|0.2654778216730157|0.013553577606860386|0.13843840622782685|0.17260871571935638,11.427962303161621
UPPER,1,INCISOR_UR1_LL1,7,LINGUAL_OR_PALATAL,4,2.8930966581470714,-0.04170312143641306|0.20327611548324173|-0.06531348682526031|0.26955147437457616|0.33130359529450765|0.3028854231093478,10.824511528015137
UPPER,1,INCISOR_UR1_LL1,7,CUSP,6,0.9684883374545284,-0.01872610444345859|-0.0253384010919615|0.36733519774228285|0.16782052783596738|0.3991638274547374|0.10974495250243252,10.787998676300049
UPPER,1,INCISOR_UL1_LR1,8,MESIAL,1,0.29417465805229187,0.035058931926008674|0.34001761748960707|0.20326269449079126|0.12487575401049997|0.18515312749937926|0.11163187458371368,10.862000942230225
UPPER,1,INCISOR_UL1_LR1,8,DISTAL,2,0.6072758052537045,0.3977516574216311|-0.40167623910961203|0.22672557785288705|0.2867943926234141|0.29676275937684543|0.19364185183483454,10.653889656066895
UPPER,1,INCISOR_UL1_LR1,8,BUCCAL_OR_LABIAL,3,1.9937234665449666,0.2959334890973531|0.22351044856355173|0.4266482890247254|0.12424458922474385|-0.03979820760287682|-0.03053860830749724,10.99695086479187
UPPER,1,INCISOR_UL1_LR1,8,LINGUAL_OR_PALATAL,4,2.7190423120753207,0.036321880724710945|0.13693267930576913|0.1023459235400284|0.24253808710474695|0.12657081955355534|0.3552906097711893,10.88500165939331
UPPER,1,INCISOR_UL1_LR1,8,CUSP,6,0.39397756371787107,0.07991927894063154|0.01841973201597677|0.2897479511832563|-0.05558575733789342|0.631653847206144|0.03584494799188476,10.912992000579834
UPPER,1,INCISOR_UL2_LR2,9,MESIAL,1,0.20209756152321987,0.196933212476098|0.4081901750225215|0.13014251588376324|0.034239532455708335|0.18578973404573182|0.04470483011617713,10.643962383270264
UPPER,1,INCISOR_UL2_LR2,9,DISTAL,2,0.8523105898872503,0.3316740804882157|0.03440978740421961|0.17637508551386713|0.18319069280388026|0.15886952010347546|0.11548083368634193,10.22069787979126
UPPER,1,INCISOR_UL2_LR2,9,BUCCAL_OR_LABIAL,3,1.4627014545381984,0.19019959464211403|0.03465641464830723|0.3099139263879737|0.018819948515338927|0.20272279290584166|0.24368732290042436,10.660999536514282
UPPER,1,INCISOR_UL2_LR2,9,LINGUAL_OR_PALATAL,4,2.7417380120126995,0.09717851190636581|0.20410702869162795|-0.08515365707893159|0.3438302811983343|0.31326605919657435|0.12677177608602924,11.369886636734009
UPPER,1,INCISOR_UL2_LR2,9,CUSP,6,1.0068464895167015,0.3862279967290626|0.2533195458344616|0.2156639310388863|-0.01874128061060316|0.1760870964188527|-0.01255728941066004,10.782962560653687
UPPER,1,CANINE_UL3_LR3,10,MESIAL,1,0.4884501404565018,0.25023493336494734|0.384027949996797|0.12660604503061368|-0.04528888187730259|0.19295521150571932|0.09146474197922523,10.572962284088135
UPPER,1,CANINE_UL3_LR3,10,DISTAL,2,0.5409338460455314,0.24555584079625867|0.1310393201244242|0.10601655190166391|0.2035618585088566|0.1998307316448223|0.11399569702397432,11.164042711257935
UPPER,1,CANINE_UL3_LR3,10,BUCCAL_OR_LABIAL,3,1.1883949689536746,0.6582605036011363|-0.26991172962670407|0.3301569652184358|-0.20309262920055302|0.2953708184324929|0.18921607157519219,10.715044975280762
UPPER,1,CANINE_UL3_LR3,10,LINGUAL_OR_PALATAL,4,2.1658473742849935,0.11855735454465083|0.27551847198858037|0.07976219780961064|0.24548417768059155|0.030347405584044158|0.2503303923925226,10.203663110733032
UPPER,1,CANINE_UL3_LR3,10,CUSP,6,0.3590820579522224,0.21041139272556666|0.178206238626954|0.18070081853019992|0.11001837465100081|0.23450094552002723|0.08616222994625138,10.482000589370728
UPPER,1,PREMOLAR_UL4_LR4,11,MESIAL,1,0.42458076409005474,0.214168410807627|0.2375877601039671|0.14002465366895542|-0.016464709261127773|0.23634393587353114|0.18833994880704716,11.059005975723267
UPPER,1,PREMOLAR_UL4_LR4,11,DISTAL,2,0.42662863021755376,0.23422834693748582|0.13494716012510238|0.069103529549942|0.18937307198819872|0.2055267215463446|0.1668211698529264,11.08414888381958
UPPER,1,PREMOLAR_UL4_LR4,11,BUCCAL_OR_LABIAL,3,0.18239463742648038,0.24517450903273633|-0.036459853047142304|0.23576010269304037|0.08630554018887454|0.24708717255682777|0.2221325285756633,10.894001245498657
UPPER,1,PREMOLAR_UL4_LR4,11,LINGUAL_OR_PALATAL,4,0.6757624250359338,0.02523206558595763|0.2147015592723021|0.24218499648082306|0.3138394020356343|0.11921088395393939|0.08483109267134366,11.01500916481018
UPPER,1,PREMOLAR_UL4_LR4,11,PIT,5,3.189825954585814,0.17037899433741663|0.32240352235637515|0.14933777800594392|-0.06008319751883545|0.2866606853297642|0.13130221748933557,11.098563194274902
UPPER,1,PREMOLAR_UL4_LR4,11,CUSP_IN,8,0.3254803479897093,0.05141408698259758|0.11036746994160747|0.22772727786296396|0.23416245215073467|0.3146047449017621|0.061723968160334215,11.043758869171143
UPPER,1,PREMOLAR_UL4_LR4,11,CUSP_OUT,7,0.27788430539650844,0.18273416493419595|0.08336758740010078|0.2416611380861019|0.18004904444340225|0.26565473588895244|0.04653332924724666,10.994008302688599
UPPER,1,PREMOLAR_UL5_LR5,12,MESIAL,1,0.4396333545958303,0.20095422154451584|0.1604893737321246|0.3236889232718685|0.05447327723837193|0.1793077859598713|0.08108641825324762,11.08499026298523
UPPER,1,PREMOLAR_UL5_LR5,12,DISTAL,2,0.46211946969223344,0.12179598279831509|0.025473677077644842|0.12182308326217502|0.2978039818611242|0.24460915515166518|0.1884941198490757,11.228960990905762
UPPER,1,PREMOLAR_UL5_LR5,12,BUCCAL_OR_LABIAL,3,0.9576383723096015,-0.2915458146514249|-5.365756238062052|1.240981445806959|0.5553337618546688|2.6523906237527415|2.208596221299108,11.090997457504272
UPPER,1,PREMOLAR_UL5_LR5,12,LINGUAL_OR_PALATAL,4,0.6350222576928062,0.03546847714580521|0.32319107714762035|0.04573708837654333|0.15704952605757913|0.25216949732148264|0.18638433395096943,11.76399540901184
UPPER,1,PREMOLAR_UL5_LR5,12,PIT,5,3.2626666459291664,-0.0650966663865163|0.020752142479684082|0.19655697749099282|0.38502664438456635|0.41897169942069623|0.04378920261057689,11.070959329605103
UPPER,1,PREMOLAR_UL5_LR5,12,CUSP_IN,8,0.3255148119699525,0.11415627986145896|0.1720877273508601|0.23573774419211194|0.290519992082679|0.2824218060030166|-0.09492354949012655,10.93397855758667
UPPER,1,PREMOLAR_UL5_LR5,12,CUSP_OUT,7,0.2596663080380273,0.48172494992550835|0.08502673475103019|0.14962038003564357|0.021935010176469164|0.8265092715063608|-0.5648163463950118,10.96604061126709
UPPER,1,MOLAR_UL6_LR6,13,MESIAL,1,0.35176451760337996,0.13431875528523948|0.14247645733244776|0.1898613714580751|0.09430090040300414|0.22526335425933777|0.21377916126189575,12.266815900802612
UPPER,1,MOLAR_UL6_LR6,13,DISTAL,2,1.1132175525689811,0.3469236840108424|0.13082899502130518|0.007408216120121453|0.25256964411261007|0.159397920868032|0.1028715398670889,12.373456001281738
UPPER,1,MOLAR_UL6_LR6,13,BUCCAL_OR_LABIAL,3,1.5725994312024514,0.3664598950962174|0.08275885137234539|0.07960802480341882|0.036647692162583546|0.23692477261658168|0.19760076394885326,13.140034198760986
UPPER,1,MOLAR_UL6_LR6,13,LINGUAL_OR_PALATAL,4,1.8032214164968325,0.05619284179108201|0.28162801687706784|0.2210305004593752|0.24814638663148833|0.13768392463484952|0.0553183296061371,12.330998182296753
UPPER,1,MOLAR_UL6_LR6,13,PIT,5,3.9426743739642607,0.22308288111545432|0.21245428478239886|0.12337107973740367|0.11808189964182511|0.22876577043998012|0.09424408428293789,12.36396598815918
UPPER,1,MOLAR_UL6_LR6,13,CUSP_IN_MESIAL,12,18.858080117023015,0.10256752063892126|0.47963121756850546|-0.1107330790143182|-0.07881210161501552|0.3814317987038178|0.22591464371808925,12.177999496459961
UPPER,1,MOLAR_UL6_LR6,13,CUSP_IN_DISTAL,13,0.5300535272475773,0.058438278024427165|0.13084377843803646|0.15401031995615752|0.2708650391448256|0.29968301890303645|0.08615956553351672,12.290963649749756
UPPER,1,MOLAR_UL6_LR6,13,CUSP_OUT_MESIAL,9,0.2355079025589578,0.2776163627758267|-0.1824039323299302|0.3274484017287453|0.13163712278737813|0.5380172499422679|-0.09231520490428755,12.29700493812561
UPPER,1,MOLAR_UL6_LR6,13,CUSP_OUT_DISTAL,11,0.5245771593180352,0.20801323537667818|0.1429393307224268|0.13974496812202825|0.1719035697340812|0.24069321991021672|0.09670567613456896,12.081983804702759
UPPER,1,MOLAR_UL7_LR7,14,MESIAL,1,0.6525995604620338,0.17493585726257418|0.21889489847381857|0.343545186121721|0.03180081094802925|0.18642495419733277|0.044398292996524126,12.358870506286621
UPPER,1,MOLAR_UL7_LR7,14,DISTAL,2,1.0109498228375107,0.2256381944387805|0.21286656807561632|0.10911735194463544|0.13572344789265922|0.15970786625349884|0.15694657139480978,11.799105644226074
UPPER,1,MOLAR_UL7_LR7,14,BUCCAL_OR_LABIAL,3,1.976669246104464,0.5092312654221073|0.18116269424958453|0.05776735914886966|0.02788478218630307|0.11635225148852332|0.10760164750461218,11.968997240066528
UPPER,1,MOLAR_UL7_LR7,14,LINGUAL_OR_PALATAL,4,1.274350145964179,0.08162872662537647|0.3223357988676344|0.052269878290686245|0.07428179784006858|0.33180842928333626|0.13767536909289807,11.770963430404663
UPPER,1,MOLAR_UL7_LR7,14,PIT,5,4.26443898192931,0.19213958273812254|0.03292913913255654|0.05271595015723003|0.14548813529032584|0.5143247769659719|0.062402415715793136,11.574038743972778
UPPER,1,MOLAR_UL7_LR7,14,CUSP_IN_MESIAL,12,0.8011522304198285,0.18580788272960594|0.13989564988363937|0.15457400958870668|0.18017417089904172|0.3437606910692306|-0.004212404170224188,11.634004592895508
UPPER,1,MOLAR_UL7_LR7,14,CUSP_IN_DISTAL,13,0.2690628684103717,0.2449793674653102|0.1810491341854376|-0.2420822504235569|0.23785303764947566|0.6397337587873533|-0.06153304766401996,11.799999237060547
UPPER,1,MOLAR_UL7_LR7,14,CUSP_OUT_MESIAL,9,0.5593513029573507,0.04171092048308964|-0.005641513472625235|0.30219824022687|0.28866368613561244|0.26449875912344945|0.10856990750360376,11.82277798652649
UPPER,1,MOLAR_UL7_LR7,14,CUSP_OUT_DISTAL,11,0.4649115978259615,0.32253324115625026|0.07414846070514608|0.10796089208415627|0.2143133045486287|0.2791405358180548|0.0019035656877638193,11.74301815032959
LOWER,2,MOLAR_UR7_LL7,1,MESIAL,1,0.7532432439137761,0.2809450893833068|0.26027238310965506|0.2763907309613435|-0.022877340960761577|0.19855095903325382|0.006718178473202271,12.131313800811768
LOWER,2,MOLAR_UR7_LL7,1,DISTAL,2,0.8245633464560967,0.24562669391397726|0.3611764563112709|0.03538878765912756|0.279096619782373|0.055616540115558374|0.023094902217692836,12.078014135360718
LOWER,2,MOLAR_UR7_LL7,1,BUCCAL_OR_LABIAL,3,1.6989381181122154,0.22044095768813285|0.4323180083784414|0.045815519720670876|-0.03725588624957869|0.25470104291739776|0.08398035754493566,12.102017879486084
LOWER,2,MOLAR_UR7_LL7,1,LINGUAL_OR_PALATAL,4,1.6669748147929206,0.5246623256161524|0.024936346746093307|0.0815416937878759|0.17822449056466083|0.07260411222780712|0.11803103105741035,12.153963088989258
LOWER,2,MOLAR_UR7_LL7,1,PIT,5,3.847485789990512,0.20453465062361306|-0.0928682011512766|0.3366648269303315|0.33113138675501913|0.3944682848678747|-0.17393094802556172,13.42689561843872
LOWER,2,MOLAR_UR7_LL7,1,CUSP_IN_MESIAL,12,0.5187247714116716,0.2214735739117051|0.11565467857699616|0.17736637203614375|0.17494087352267934|0.24952656454355|0.061037937408925616,12.268964767456055
LOWER,2,MOLAR_UR7_LL7,1,CUSP_IN_DISTAL,13,0.6625898665750968,0.28951496870047205|0.06331884743772051|0.12991287064567655|0.1731373003749946|0.384466068681788|-0.040350055840651766,13.125988483428955
LOWER,2,MOLAR_UR7_LL7,1,CUSP_OUT_MESIAL,9,0.4578594769921233,0.05036067654445519|0.0027030312896189406|0.4333067994121779|0.37621712174444094|0.2540482900093274|-0.11663591900002031,11.95603609085083
LOWER,2,MOLAR_UR7_LL7,1,CUSP_OUT_DISTAL,11,0.42062578176922977,0.25862023064137424|0.31662442002668895|0.14968301421082383|0.17751425510622282|0.19141702625453344|-0.09385894623964319,12.048712730407715
LOWER,2,MOLAR_UR6_LL6,2,MESIAL,1,0.6938725689780789,0.23958711582492642|0.21260650268417897|0.18653327156232385|-0.07450050927178309|0.2838015900772678|0.15197202912308608,12.713595151901245
LOWER,2,MOLAR_UR6_LL6,2,DISTAL,2,0.6169597578686568,0.07417259909825316|0.3502549655845037|-0.05867787111638029|0.26277203024883733|0.3032376363518892|0.0682406398328968,12.7079496383667
LOWER,2,MOLAR_UR6_LL6,2,BUCCAL_OR_LABIAL,3,0.8189503036941078,0.03826375129763304|0.3306436134973917|0.14674163076238506|0.06045681850024079|0.2846249947348421|0.13926919120750744,12.665958642959595
LOWER,2,MOLAR_UR6_LL6,2,LINGUAL_OR_PALATAL,4,1.7342613499671087,0.21913089155222593|-0.11324064554527224|0.21349981358980694|0.3029391574878068|0.17002463589829822|0.20764614701713432,12.63672924041748
LOWER,2,MOLAR_UR6_LL6,2,PIT,5,3.981742250063396,0.16508117666013944|0.18462704535419158|0.17014392110755883|0.19262919198497755|0.21729712138978383|0.07022154350334885,12.642615556716919
LOWER,2,MOLAR_UR6_LL6,2,CUSP_IN_MESIAL,12,0.21830174122273574,0.23597452294403357|0.04456210296384693|0.13745590867595645|0.20352787037098757|0.3997111869008836|-0.021231591855708137,12.58303689956665
LOWER,2,MOLAR_UR6_LL6,2,CUSP_IN_DISTAL,13,0.35760839077235845,0.06481249267948591|-0.21707046346831654|0.05927237123340124|0.3484624407041922|0.8121972344239018|-0.06767407557266458,12.855547428131104
LOWER,2,MOLAR_UR6_LL6,2,CUSP_OUT_MESIAL,9,0.5574260289185422,0.05800430941934716|0.06716427097441409|0.2832862770450396|0.26556627474731714|0.21312359916767448|0.11285526864620761,13.202961206436157
LOWER,2,MOLAR_UR6_LL6,2,CUSP_OUT_DISTAL,11,0.781325379678245,0.2287141949913422|0.2711905135440004|0.08767798032356923|0.17963805160903926|0.23735661030189417|-0.004577350769845308,12.68200421333313
LOWER,2,MOLAR_UR6_LL6,2,CUSP_OUT_MIDDLE,10,0.4879731055482735,0.03419775850689622|0.07246547298700254|0.17849733064604825|0.22361271652122813|0.40900539019391813|0.08222133114490682,12.554015159606934
LOWER,2,PREMOLAR_UR5_LL5,3,MESIAL,1,0.25233597068199015,0.23366139461864915|0.18927685082252912|0.23695786817757777|0.003809481310811381|0.19874264336088066|0.13755176170955194,11.570976495742798
LOWER,2,PREMOLAR_UR5_LL5,3,DISTAL,2,0.5214158260421772,0.1342866097078453|0.23160001177798928|0.09197473031400938|0.1887246255191601|0.2008725597297589|0.15254146295123697,11.530961513519287
LOWER,2,PREMOLAR_UR5_LL5,3,BUCCAL_OR_LABIAL,3,1.2410426226274145,0.05858079260215356|0.3206745900826278|0.18405154813472255|0.056369277065995614|0.21877904404345455|0.16154474807104602,11.348033905029297
LOWER,2,PREMOLAR_UR5_LL5,3,LINGUAL_OR_PALATAL,4,0.4050357719819777,0.2820902890793187|-0.07837849200827422|0.08853659197706697|0.27227212576801474|0.2380168518944202|0.19746263328945377,11.542980194091797
LOWER,2,PREMOLAR_UR5_LL5,3,PIT,5,3.1087359700478636,0.14850189229253008|0.11572166258874904|0.08368046423544276|0.15278286724143947|0.3074758615954299|0.19183725204640883,11.303964376449585
LOWER,2,PREMOLAR_UR5_LL5,3,CUSP_IN_MESIAL,12,0.14319724733339745,0.23359666355746017|0.019595152538192023|0.04183631788892337|0.03465355552274713|0.5645504188718299|0.10576789162084757,11.328001976013184
LOWER,2,PREMOLAR_UR5_LL5,3,CUSP_IN_DISTAL,13,0.4712012457958551,0.12792370632967284|0.09137774170564297|0.28816168397165304|0.3705998096032222|0.1322649694886693|-0.010327911098860316,11.540958404541016
LOWER,2,PREMOLAR_UR5_LL5,3,CUSP_OUT,7,0.4064993870259471,0.16997197397473468|0.2615779317370145|0.1422678973656421|0.13072578593668938|0.24742543731411457|0.04803097367180493,11.451977968215942
LOWER,2,PREMOLAR_UR4_LL4,4,MESIAL,1,0.22516681642454095,0.2784795973176606|0.2208493516233563|0.14928471041694197|0.05116913674621994|0.18731331074986401|0.1129038931459573,11.986931324005127
LOWER,2,PREMOLAR_UR4_LL4,4,DISTAL,2,0.3914554094537461,-0.3461188953316522|0.3821732981866681|-0.6198313526272731|0.6106822026689349|0.6847842634343602|0.28831048366896206,11.12796139717102
LOWER,2,PREMOLAR_UR4_LL4,4,BUCCAL_OR_LABIAL,3,1.1277097075966487,-0.16534189363445123|0.02077597733925281|0.285953738656465|0.12483583516309049|0.40505811890121424|0.3287182235744287,11.336963891983032
LOWER,2,PREMOLAR_UR4_LL4,4,LINGUAL_OR_PALATAL,4,1.3891947842074486,0.6557583537180778|0.11424341128973955|-0.0026383360874293643|0.23734328117461906|0.04862703421920592|-0.05333374431421303,11.108004570007324
LOWER,2,PREMOLAR_UR4_LL4,4,PIT,5,2.182829617495219,0.20408965804069368|0.1313439016527587|0.1531235814267422|0.21970025272483476|0.20328328221231873|0.08845932394265205,11.31851577758789
LOWER,2,PREMOLAR_UR4_LL4,4,CUSP_IN,8,1.1063737297642786,0.2819355241834013|0.09909311477298838|0.030811777333573438|0.22395044810091047|0.33355116488940434|0.0306579707197222,11.152001142501831
LOWER,2,PREMOLAR_UR4_LL4,4,CUSP_OUT,7,0.4225499935091208,0.06311851154107831|0.3404099468975749|0.24153364663766477|0.15118453299112872|0.3408096518499523|-0.13705628991739888,11.19796109199524
LOWER,2,CANINE_UR3_LL3,5,MESIAL,1,0.4037267735059451,0.20829435895864412|0.0958065677938331|0.2274169586988644|0.13513676115048262|0.1912890303099703|0.14205632308820546,10.776601552963257
LOWER,2,CANINE_UR3_LL3,5,DISTAL,2,0.7640638962426253,0.0726235434601357|0.39547527598875387|-0.10769782238245866|0.09599871007803874|0.320088224250038|0.22351206860549233,10.76399850845337
LOWER,2,CANINE_UR3_LL3,5,BUCCAL_OR_LABIAL,3,1.5442187370811191,0.03300715595544624|0.2778259277041228|0.1954015549651841|-0.10459889626751574|0.31925551369139965|0.2791087439513629,10.793957948684692
LOWER,2,CANINE_UR3_LL3,5,LINGUAL_OR_PALATAL,4,1.8751358774132287,0.16951135298015138|-0.020052132969822837|0.1672567007776265|0.2010467170899136|0.2580312654971481|0.22420609662498323,10.548002243041992
LOWER,2,CANINE_UR3_LL3,5,CUSP,6,0.1310407164720845,0.13991938896082448|0.32372699826995294|0.21752301196278734|0.0197790321172851|0.46891968769076703|-0.16986811900161686,10.781999111175537
LOWER,2,INCISOR_UR2_LL2,6,MESIAL,1,0.23116706125928402,0.20862847820515307|-0.0638876395619346|0.3169324364870741|0.143610884811434|0.24526170348339446|0.14945413657487905,10.518002986907959
LOWER,2,INCISOR_UR2_LL2,6,DISTAL,2,0.3761037407862835,0.02071728659207263|0.22835231751307988|0.10199516817692904|0.1253075829161698|0.26319914066348404|0.26042850413826457,10.531001091003418
LOWER,2,INCISOR_UR2_LL2,6,BUCCAL_OR_LABIAL,3,2.3174281721165575,0.09266670935328612|0.11193073463756895|0.25606870133551357|0.12384609703521654|0.21329679073983787|0.202190966898577,10.656688928604126
LOWER,2,INCISOR_UR2_LL2,6,LINGUAL_OR_PALATAL,4,2.4825061152543646,0.062186510469979|0.17895845506072655|-0.007148524207984949|0.08374521368263901|0.31283398047245903|0.36942436452218125,10.406965017318726
LOWER,2,INCISOR_UR2_LL2,6,CUSP,6,0.29273359831501033,0.16538350266635|0.26840310332862893|0.32152867715708555|0.22813310120731456|0.34218234638609607|-0.3256307307454751,10.63588571548462
LOWER,2,INCISOR_UR1_LL1,7,MESIAL,1,0.10763551035611081,0.5872563445502461|-0.2812921414822111|0.15834937937647003|0.026293470186122155|0.32198051413120843|0.18741243323816445,10.468969106674194
LOWER,2,INCISOR_UR1_LL1,7,DISTAL,2,0.24689169995386734,0.11784246380132929|0.2248062034604945|0.17575549309096256|0.1829051347647451|0.15963161720614333|0.13905908767632522,10.34896445274353
LOWER,2,INCISOR_UR1_LL1,7,BUCCAL_OR_LABIAL,3,2.114207080093373,0.24345557198908818|0.2752700026196688|0.37925911381070837|-0.008725647036329364|0.06131457759757987|0.049426381019284066,10.402761220932007
LOWER,2,INCISOR_UR1_LL1,7,LINGUAL_OR_PALATAL,4,2.1582150928579678,-0.07565740456322385|0.15839300419255486|0.1044757963130819|0.26457686238599654|0.2603361657267847|0.28787557594480573,10.385998487472534
LOWER,2,INCISOR_UR1_LL1,7,CUSP,6,0.3567259234502262,0.17896272758506582|0.20148953248939508|0.27135370458629|0.0696058912657422|0.3680266421206042|-0.08943849804709712,10.803741693496704
LOWER,2,INCISOR_UL1_LR1,8,MESIAL,1,0.1954942005045464,0.05308585552553575|0.23451823812779712|0.22335128888480332|0.21413250794781127|0.20310160397752772|0.07181050553652471,10.333002805709839
LOWER,2,INCISOR_UL1_LR1,8,DISTAL,2,0.30423024415322913,0.34313903999254264|-0.01037839530304967|0.006004059703210374|0.019264930000526176|0.3461751775464133|0.29579518806035726,10.37799882888794
LOWER,2,INCISOR_UL1_LR1,8,BUCCAL_OR_LABIAL,3,2.207240490798058,0.18973881888265048|0.14369243904578102|0.33177824195574485|0.13408962676381853|0.0907747255487913|0.10992614780321387,11.445019721984863
LOWER,2,INCISOR_UL1_LR1,8,LINGUAL_OR_PALATAL,4,2.3368007571592155,0.07311773556955069|0.32253883116057314|0.11596922977045598|0.21965575529913642|0.09556406912802165|0.17315437907226222,10.531524896621704
LOWER,2,INCISOR_UL1_LR1,8,CUSP,6,0.8275026098335329,0.06489508273518979|0.06474112940543944|0.367009271199177|0.10286254844577376|0.39679578609027366|0.0036961821241464007,10.32593321800232
LOWER,2,INCISOR_UL2_LR2,9,MESIAL,1,0.4901362054092369,0.05210483425245732|0.29824592713362014|0.24263473684086367|0.09891879796936248|0.20225894024249896|0.10583676356119741,10.529975652694702
LOWER,2,INCISOR_UL2_LR2,9,DISTAL,2,0.5870577490790991,0.8307808919119205|0.24578438809200745|-0.14142688573179443|0.08319921202957574|0.06002728202531921|-0.0783648883270286,10.72396969795227
LOWER,2,INCISOR_UL2_LR2,9,BUCCAL_OR_LABIAL,3,1.4855302258375414,0.3571553158779405|0.24088732846422564|0.41832595450068877|0.02547585002914418|-0.01983744292325426|-0.022007005948744784,10.650490283966064
LOWER,2,INCISOR_UL2_LR2,9,LINGUAL_OR_PALATAL,4,2.396213569112825,0.2218025334270335|-0.06433127576116728|0.10246233371480265|0.29298539024200043|0.13542899532230568|0.31165202305502504,10.436211824417114
LOWER,2,INCISOR_UL2_LR2,9,CUSP,6,0.3381923963659858,0.28414487492059903|0.19794446173470143|0.31539122402635733|0.13416768334787105|0.27617796479085016|-0.20782620882037875,11.052005529403687
LOWER,2,CANINE_UL3_LR3,10,MESIAL,1,0.4547334943918333,0.12797217337829908|0.2677111240969233|0.29947924452788627|0.11202564038161526|0.12009602292909334|0.07271579468618268,10.639991044998169
LOWER,2,CANINE_UL3_LR3,10,DISTAL,2,0.35069669749933546,0.23813929151048707|-0.07702985668793541|0.06989836459561904|0.3610164152409036|0.28195361202579894|0.1260221733151268,10.626961469650269
LOWER,2,CANINE_UL3_LR3,10,BUCCAL_OR_LABIAL,3,1.3753613232732873,0.3844933826745256|0.008864326020784507|0.2479271519009562|-0.26714529711386137|0.34799837842928627|0.2778620580883089,10.512852191925049
LOWER,2,CANINE_UL3_LR3,10,LINGUAL_OR_PALATAL,4,2.3405741124497825,-0.036546379747516095|0.21157704568206864|0.1578211764071013|0.17289162194830557|0.2676406390424397|0.2266158966676009,10.691336870193481
LOWER,2,CANINE_UL3_LR3,10,CUSP,6,0.16590946062902603,0.15449843921985013|0.014145840383672103|0.05262098271597907|-0.018206505430813195|0.6682043781323341|0.12873686497897777,10.562003135681152
LOWER,2,PREMOLAR_UL4_LR4,11,MESIAL,1,0.31007584483597544,-0.17199027662858027|-0.057295898002640434|0.4913232046181184|0.011707555648085026|0.48073449750580277|0.24552091685921454,11.122966051101685
LOWER,2,PREMOLAR_UL4_LR4,11,DISTAL,2,0.45183080428206107,0.2520762747177252|0.029439754098627993|-0.06480404353831137|0.33633840609605103|0.29344090863810657|0.1535086999878004,11.136967897415161
LOWER,2,PREMOLAR_UL4_LR4,11,BUCCAL_OR_LABIAL,3,0.630747529543234,0.5412271517897269|0.06425606561248386|0.451893454711822|0.07064305330019072|0.019054388314311183|-0.14707411372853477,10.984284162521362
LOWER,2,PREMOLAR_UL4_LR4,11,LINGUAL_OR_PALATAL,4,0.5283945407422683,0.05132969693936847|0.19227303832290743|0.17925679859435606|0.21606201303770067|0.19921212447248282|0.1618663286331845,11.281962633132935
LOWER,2,PREMOLAR_UL4_LR4,11,PIT,5,2.1199903873378627,0.0029219135537142554|0.38738001237078146|0.10469714898030648|0.048879250819920686|0.44401505866337726|0.012106615611899857,11.064016342163086
LOWER,2,PREMOLAR_UL4_LR4,11,CUSP_IN,8,0.2698409385078691,0.12120517246700803|0.2050387547137365|0.15807044764640382|0.18143651072546074|0.22324099886391777|0.11100811558347312,11.047000169754028
LOWER,2,PREMOLAR_UL4_LR4,11,CUSP_OUT,7,0.3456302516611377,0.22732007740686594|0.16203860291318858|0.18370957532627497|0.15823613438886952|0.31629790238979577|-0.04760229242499483,10.994997262954712
LOWER,2,PREMOLAR_UL5_LR5,12,MESIAL,1,0.8176548452356417,-0.1643974432831751|-0.04047378412650003|0.5632863893153364|0.13064809306180347|0.319537693439082|0.1913990515934534,11.426997900009155
LOWER,2,PREMOLAR_UL5_LR5,12,DISTAL,2,2.3337974443939444,0.15703679989164665|0.012400562719340548|0.038444182788543|0.22301762396713423|0.308010859985422|0.26108997064791367,16.277992725372314
LOWER,2,PREMOLAR_UL5_LR5,12,BUCCAL_OR_LABIAL,3,1.5995726632369272,0.28313673283427837|0.042881292160208855|0.17393601901125091|0.02926880010633315|0.3063138767122611|0.16446327917566758,11.483373641967773
LOWER,2,PREMOLAR_UL5_LR5,12,LINGUAL_OR_PALATAL,4,1.6727777219554703,0.031372917256971576|0.10855949500739723|0.1578640866969473|0.1946956497938546|0.2542009118120487|0.25330693943278065,12.261539697647095
LOWER,2,PREMOLAR_UL5_LR5,12,PIT,5,2.70857739374011,0.18324388508882813|0.27779184243728494|0.03413625652918707|0.1358304647590209|0.29659772736267703|0.07239982382300195,11.353963375091553
LOWER,2,PREMOLAR_UL5_LR5,12,CUSP_IN_MESIAL,12,0.5584171310468573,0.1326545901809597|0.2555670105043488|-0.09860285903913221|-0.06267110920701896|0.5406661333618747|0.23238623419896792,11.378996849060059
LOWER,2,PREMOLAR_UL5_LR5,12,CUSP_IN_DISTAL,13,1.8589056814464726,0.10195542276063228|0.12298623241969911|0.060623531295537665|0.2032954613410787|0.28580508193660353|0.22533427024644861,11.364961862564087
LOWER,2,PREMOLAR_UL5_LR5,12,CUSP_OUT,7,0.22439240518644255,0.06271197199053358|0.08775020753867156|0.06118176654390949|0.05817340395055617|0.6085236360787001|0.12165901389762923,11.41797423362732
LOWER,2,MOLAR_UL6_LR6,13,MESIAL,1,0.2357959075981285,0.24823510337899812|0.254345054172164|0.37799174898135496|0.0195219828302314|0.11351855031217964|-0.013612439674928183,12.58395791053772
LOWER,2,MOLAR_UL6_LR6,13,DISTAL,2,0.5171352676331662,0.32011662660475315|-0.005465348091328976|-0.06618313115166019|0.2943588013820337|0.33715434979645764|0.12001870145974461,12.776626110076904
LOWER,2,MOLAR_UL6_LR6,13,BUCCAL_OR_LABIAL,3,1.0994336310516646,0.22100198006849023|-0.6068585567588942|0.39763899311834194|0.19873861380512942|0.6523767158285128|0.13710225393841993,12.455962657928467
LOWER,2,MOLAR_UL6_LR6,13,LINGUAL_OR_PALATAL,4,1.394911506616679,0.0387179783036522|0.4322320248851232|0.04877257754466009|0.1608608475775482|0.1440342660077664|0.17538230568125004,12.762745380401611
LOWER,2,MOLAR_UL6_LR6,13,PIT,5,4.16054386918223,0.1352422716586454|0.2858748892487744|0.038228245751939643|0.16359964859372678|0.3761338743563432|0.0009210703905704931,12.814974308013916
LOWER,2,MOLAR_UL6_LR6,13,CUSP_IN_MESIAL,12,0.9583903114924441,0.068446655061399|0.16459885355295958|0.2045586606023651|0.20437951929488235|0.24714984039233187|0.11086647109606204,13.251962900161743
LOWER,2,MOLAR_UL6_LR6,13,CUSP_IN_DISTAL,13,0.5899769243685992,0.167375915887215|0.25380033506454414|0.12143005967928987|0.21297657784697066|0.244730584762088|-0.00031347324010768025,12.760960578918457
LOWER,2,MOLAR_UL6_LR6,13,CUSP_OUT_MESIAL,9,0.8275493684916133,0.1048198198700559|0.06581392090518533|0.4538993456772949|0.18204564595223816|0.410573952868606|-0.2171526852733803,12.695067405700684
LOWER,2,MOLAR_UL6_LR6,13,CUSP_OUT_DISTAL,11,0.6382473822102406,0.03960065263832222|0.03482152426421657|0.27430853119342097|0.33255866584429256|0.23240205008406806|0.08630857597567956,12.518016338348389
LOWER,2,MOLAR_UL6_LR6,13,CUSP_OUT_MIDDLE,10,0.3116861629678208,0.19960367903516232|0.15813007026254242|0.028692048078266832|0.09264295091270106|0.46744374767344743|0.05348750403787984,12.802611112594604
LOWER,2,MOLAR_UL7_LR7,14,MESIAL,1,0.5960289225883357,0.3929463794007399|0.254041636075371|1.7031683881945303|-0.8469027098389446|0.07142203531225681|-0.5746757291439533,12.107838153839111
LOWER,2,MOLAR_UL7_LR7,14,DISTAL,2,1.159423905119907,0.11251112563179039|-0.07320421207039934|0.2680823284831592|0.467044807380731|0.2685714706965594|-0.043005520121840723,12.31399917602539
LOWER,2,MOLAR_UL7_LR7,14,BUCCAL_OR_LABIAL,3,1.5200232236850713,0.21016188300942196|0.12731716165882345|0.22058832216603041|0.1931855215427628|0.15914192850059594|0.08960518312236546,12.191190004348755
LOWER,2,MOLAR_UL7_LR7,14,LINGUAL_OR_PALATAL,4,1.0402438825110134,0.04116915212940237|0.2685663115442068|0.09725066729998375|0.14274237096753895|0.20929294467926632|0.24097855337960178,12.861998796463013
LOWER,2,MOLAR_UL7_LR7,14,PIT,5,3.7708642263638223,-0.0232972057099301|0.09054771370491431|0.19639637177634217|0.17655289038409666|0.42657143170312506|0.13322879814145183,12.351033926010132
LOWER,2,MOLAR_UL7_LR7,14,CUSP_IN_MESIAL,12,0.2680084777589847,0.11856641125178868|0.21753223864531576|0.20767647290312316|0.18166094592517582|0.24770387448896658|0.026860056785630138,12.250603199005127
LOWER,2,MOLAR_UL7_LR7,14,CUSP_IN_DISTAL,13,0.3556745254239505,0.13161747439994728|0.3444495916289363|0.12080616294476379|0.17882788166912347|0.2456489889104804|-0.021350099553251158,12.272038221359253
LOWER,2,MOLAR_UL7_LR7,14,CUSP_OUT_MESIAL,9,0.33157252693245653,0.11774329826634401|0.3093421080421586|0.3964309661743126|0.342771999878404|0.37234366589039064|-0.5386320382516099,12.55330491065979
LOWER,2,MOLAR_UL7_LR7,14,CUSP_OUT_DISTAL,11,0.309478594417016,0.12615824089788066|0.1499631294914279|0.16810230996013698|0.1790110653304843|0.30601624265701316|0.07074901166305704,12.541036367416382
