UPPER,1,MOLAR_UR7_LL7,1,MESIAL,1,0.639249527566573,0.844798176358613|0.6967590604248635|0.9099770059312375|0.48721137223281613|0.6404821162629755|0.4032341436892386,26.34700083732605
UPPER,1,MOLAR_UR7_LL7,1,DISTAL,2,5.895556545281841,0.41688793509277366|0.4448144655844296|0.2961713068054965|1.054133158949693|0.23623737611478873|0.2092953702510594,26.046982288360596
UPPER,1,MOLAR_UR7_LL7,1,BUCCAL_OR_LABIAL,3,2.4507887466534966,0.2789871519886912|0.5203522201284194|0.42673804481489785|0.34170339651183346|0.33955107425534264|0.9494620083149472,28.297003507614136
UPPER,1,MOLAR_UR7_LL7,1,LINGUAL_OR_PALATAL,4,3.2386944652408225,0.8871184714127784|0.17215496330583996|-0.14909756303317126|1.1699481667050866|0.5228212635555808|0.6413679795174888,28.606998682022095
UPPER,1,MOLAR_UR7_LL7,1,PIT,5,0.39225828140127633,0.3893780506014117|1.2078672591041488|0.028925433907023887|0.5624444848957896|-1.2598891922771127|1.3994049446651444,26.16499924659729
UPPER,1,MOLAR_UR7_LL7,1,CUSP_IN_MESIAL,12,0.3355538811037457,0.9634409802390099|1.0791884712806876|0.6085110782172625|0.579085977202342|0.6313168509888492|0.02626108858441725,26.3849618434906
UPPER,1,MOLAR_UR7_LL7,1,CUSP_IN_DISTAL,13,0.5091035310290071,0.6950916522046383|0.6579867961610704|0.4837672057594961|0.7103252587626097|0.9462973219422623|0.5117347461456512,26.5841703414917
UPPER,1,MOLAR_UR7_LL7,1,CUSP_OUT_MESIAL,9,1.7311691675860876,0.11449469347047345|0.5450912561654895|0.11134620930687206|0.05044467861115301|0.7343842893354886|0.31304086699360584,25.86899423599243
UPPER,1,MOLAR_UR7_LL7,1,CUSP_OUT_DISTAL,11,1.9582984312933531,0.2961213218951133|0.8578203299142243|0.4392376231653635|0.45069817554973857|1.3448112825436025|0.3993438116959793,26.114263772964478
UPPER,1,MOLAR_UR6_LL6,2,MESIAL,1,4.5297758057037205,0.7921067654672141|0.8055341866051335|0.5298968390938509|0.3277634783310955|0.8350721755184451|0.43302926450073603,27.267035245895386
UPPER,1,MOLAR_UR6_LL6,2,DISTAL,2,5.4883610335416595,0.5256749852473679|1.4098168408802687|1.1996995116200417|1.0288958935590413|0.5176006823989623|0.051407500687387475,28.68603777885437
UPPER,1,MOLAR_UR6_LL6,2,BUCCAL_OR_LABIAL,3,2.4349997980190596,0.17579056991981012|0.6222863446563633|0.8561958308466331|0.7117578518922215|0.6222592509853417|0.8608234805886839,28.63596272468567
UPPER,1,MOLAR_UR6_LL6,2,LINGUAL_OR_PALATAL,4,4.181847168212799,0.6306287607352297|0.22463189738770803|0.05408818296914881|0.7046535515904425|0.8208000455951465|0.3749919904419996,28.524036169052124
UPPER,1,MOLAR_UR6_LL6,2,PIT,5,0.30454278785001104,0.5429239072291336|0.20065676141378708|0.18958314770988177|0.22918860914260153|0.11681265755131048|0.9765882614128686,27.103002548217773
UPPER,1,MOLAR_UR6_LL6,2,CUSP_IN_MESIAL,12,0.8158256826477691,0.20917081449337493|0.3385297901974669|1.0273613998273208|0.966061355802563|0.949700130734987|0.3633664554883199,27.627073526382446
UPPER,1,MOLAR_UR6_LL6,2,CUSP_IN_DISTAL,13,1.0057955948361175,0.35008175874306136|0.5737110545945634|0.8239297406205989|0.9818142703555064|0.8709599690021743|0.33290490872908574,26.72899889945984
UPPER,1,MOLAR_UR6_LL6,2,CUSP_OUT_MESIAL,9,0.10449329873588774,0.5476173315072107|0.7434919372227711|0.5158347192986475|0.4283200081148504|0.5667050817469579|-0.3241740187978275,26.114339113235474
UPPER,1,MOLAR_UR6_LL6,2,CUSP_OUT_DISTAL,11,0.24865335883966452,0.27637197204127484|0.6890493808914258|0.5434430657935463|0.6261777591682173|1.1013873535511913|0.09590681088863297,26.420957565307617
UPPER,1,PREMOLAR_UR5_LL5,3,MESIAL,1,0.9290116209327385,0.6363090711523796|0.5357619894324711|0.4433305026039546|0.1276401704025179|0.2352175478023624|0.1378843261813923,24.744040966033936
UPPER,1,PREMOLAR_UR5_LL5,3,DISTAL,2,2.574139947989326,0.21168027947759996|0.530900751733036|-0.31569186557930073|1.2958794838536534|0.5375560247842045|-0.23515436839619341,25.10499382019043
UPPER,1,PREMOLAR_UR5_LL5,3,BUCCAL_OR_LABIAL,3,2.7550732449113875,-0.04009392677023788|1.6001014878765323|0.9717260327355545|0.36570943567984415|0.2328125774785103|0.744427274254948,26.823195457458496
UPPER,1,PREMOLAR_UR5_LL5,3,LINGUAL_OR_PALATAL,4,1.6376006206227138,0.9619852175919362|-0.00955326096359947|0.30786333943990873|0.5426918687947389|0.8913634991241135|0.5351219379450479,26.63403844833374
UPPER,1,PREMOLAR_UR5_LL5,3,PIT,5,0.2516761878826489,0.26071839424769916|0.19430889903654194|0.4153829567858989|0.4825965439918453|0.3239343512804703|1.221824830169524,25.147998094558716
UPPER,1,PREMOLAR_UR5_LL5,3,CUSP_IN,8,3.4386367216381686,0.732933496549417|-0.07824348325703695|0.1448078895703006|0.2756621182671247|0.911146458189959|0.44086799434902574,25.060035467147827
UPPER,1,PREMOLAR_UR5_LL5,3,CUSP_OUT,7,2.801208194311442,-0.6312375513262771|0.3802746122799607|-0.11357539518384255|-0.5640344962561434|0.7491642485420882|0.06909941874928718,25.841034173965454
UPPER,1,PREMOLAR_UR4_LL4,4,MESIAL,1,0.7120342225725664,0.8497830942367006|0.5894663822940448|1.4059649923541864|0.44842962245998064|0.6717722998313981|0.5122599444106791,24.89006495475769
UPPER,1,PREMOLAR_UR4_LL4,4,DISTAL,2,3.665695893659694,-0.03388076414251399|0.4090837863187818|0.21592555267513824|0.33392747224417785|0.6321803825075814|0.12541880415831233,24.981586694717407
UPPER,1,PREMOLAR_UR4_LL4,4,BUCCAL_OR_LABIAL,3,2.2563509461168314,0.3087114342035304|0.708995377260945|0.4353494769091304|0.47931182045985177|0.2691580967017568|0.7872322643918818,27.148963451385498
UPPER,1,PREMOLAR_UR4_LL4,4,LINGUAL_OR_PALATAL,4,1.4695546188049073,1.7330770728709082|0.7919500101433852|0.10016902816290499|0.5901111733359876|0.49778708367338587|0.7833692398579112,26.663962364196777
UPPER,1,PREMOLAR_UR4_LL4,4,PIT,5,0.4417499530249979,1.876700040481682|0.2641506498386445|0.11509114114672113|0.6198280034773991|0.8230678333865623|1.6838549297049474,25.308003425598145
UPPER,1,PREMOLAR_UR4_LL4,4,CUSP_IN,8,3.650597958102145,1.518014500192895|0.17202745465208036|-0.24390022557145524|-0.24976749709526525|0.6653176483013341|0.5176419678830775,24.939540147781372
UPPER,1,PREMOLAR_UR4_LL4,4,CUSP_OUT,7,3.5624958257462707,0.286485234388432|0.8828544940120895|0.011656372485200241|-0.002254182967258174|0.3140043444307803|0.057167525227945166,25.515002250671387
UPPER,1,CANINE_UR3_LL3,5,MESIAL,1,0.9202220159122061,0.8430603474185072|0.2019573909514596|1.1520847461456323|0.28530671442552247|0.6790095180227083|0.496409455870604,24.345001697540283
UPPER,1,CANINE_UR3_LL3,5,DISTAL,2,3.767377001273712,0.02518451127204807|1.01055365002988|0.4675333301533042|0.6553808666263053|0.709918459884683|-0.21885442875933403,24.522592544555664
UPPER,1,CANINE_UR3_LL3,5,BUCCAL_OR_LABIAL,3,0.8168915547929941,0.13366689710763152|0.3277011403332216|0.4789798230401326|0.11816433320640342|0.3342040374311971|0.359306565137297,26.078999042510986
UPPER,1,CANINE_UR3_LL3,5,LINGUAL_OR_PALATAL,4,1.5260786831901276,0.9020064648608195|0.8646537324394852|-0.021522275364565913|0.8657111077613158|0.8234859895749196|0.8276248851994388,26.737725973129272
UPPER,1,CANINE_UR3_LL3,5,CUSP,6,1.4712505667126927,0.709581734674601|0.6127595230950531|0.7751956053060114|0.6587282251039115|1.0729238942942532|0.4360972561791574,24.757967948913574
UPPER,1,INCISOR_UR2_LL2,6,MESIAL,1,0.7204816118063258,1.1534392805548612|-0.7575020295741484|1.3561602061629876|0.40412952646387423|0.8002896993742914|0.1358411328845621,24.441036224365234
UPPER,1,INCISOR_UR2_LL2,6,DISTAL,2,1.6821695188243708,0.15256689052075403|0.8451422233727742|0.8529018180615682|1.044283694804995|0.6262609340773302|0.4383635597987318,24.12200140953064
UPPER,1,INCISOR_UR2_LL2,6,BUCCAL_OR_LABIAL,3,2.920127727367183,0.24854760069304735|0.40737171697081687|0.8908147944990563|0.09270751025755938|0.28073417841078085|1.0809752056132078,24.710017919540405
UPPER,1,INCISOR_UR2_LL2,6,LINGUAL_OR_PALATAL,4,1.3745263179099214,1.345014538268972|-0.06657028586057401|-0.2710856338391321|0.24551784071117286|0.6721495132293442|1.2257856250856343,24.427992582321167
UPPER,1,INCISOR_UR2_LL2,6,CUSP,6,0.5438903173767545,0.25613891845795683|0.8017688322087163|0.43995832168681065|0.28890770437478774|1.2028662574058258|0.055985308373367675,27.4379985332489
UPPER,1,INCISOR_UR1_LL1,7,MESIAL,1,0.6990007111830912,0.680866115774603|0.3607652646194939|0.8303980424302921|0.8704601522993234|0.8508575292854837|0.6764802860067392,26.856995820999146
UPPER,1,INCISOR_UR1_LL1,7,DISTAL,2,0.8353808272006399,0.8070540678160494|1.406184933792338|0.4640551856783903|0.20331780564115087|0.9634363961167091|0.7994199414221412,24.704962015151978
UPPER,1,INCISOR_UR1_LL1,7,BUCCAL_OR_LABIAL,3,2.559566023954556,0.6872762576884546|-0.11690648262944325|0.8176470863553065|0.3726462921951823|0.42670232139330977|1.1802524955681897,25.208003044128418
UPPER,1,INCISOR_UR1_LL1,7,LINGUAL_OR_PALATAL,4,1.5320552405486445,0.8445139366454069|0.2569747373736555|0.20426164531322522|0.1722655834927082|0.21161238927455428|1.1250118966602345,24.823970556259155
UPPER,1,INCISOR_UR1_LL1,7,CUSP,6,0.39004798159682913,0.3649795661124387|0.28694374164046277|0.9875960840388582|0.5001695990448191|0.8223893337014951|0.3265281631792962,25.87008261680603
UPPER,1,INCISOR_UL1_LR1,8,MESIAL,1,0.3499538550112933,0.09318883172080838|0.959114518176944|0.16332428186678946|0.20427362448717815|0.6682714676492051|0.37589294580045085,24.459962129592896
UPPER,1,INCISOR_UL1_LR1,8,DISTAL,2,1.7119009751700451,0.7395333418636673|0.2266500114592015|0.561370892326027|0.6248348246389389|0.48368823702356367|0.23555477587701895,24.811959981918335
UPPER,1,INCISOR_UL1_LR1,8,BUCCAL_OR_LABIAL,3,2.1789160864728987,0.7239472308319927|0.5220571560231734|0.6498867630714218|0.520740110500302|1.148963546928687|1.2365294104569344,24.703007698059082
UPPER,1,INCISOR_UL1_LR1,8,LINGUAL_OR_PALATAL,4,1.5617945096556671,0.06184539260179424|0.03927486781678314|0.16433504156529039|0.17191459062359854|0.15829025190648444|0.6198914567455052,25.17600178718567
UPPER,1,INCISOR_UL1_LR1,8,CUSP,6,1.0670116992479133,0.2345504858171963|-0.03464298909822992|0.7834171256042453|0.9531256382045392|0.9375871239862223|0.4888573987586036,25.03600811958313
UPPER,1,INCISOR_UL2_LR2,9,MESIAL,1,0.8981495192673744,-0.2701537577330407|0.5859809635373074|1.126807082756626|0.09494824162481007|0.6048879855379868|0.7239060023914917,24.459999561309814
UPPER,1,INCISOR_UL2_LR2,9,DISTAL,2,2.4268819127528856,1.123255755295737|0.4830082476127013|0.7174512783132331|0.8242635811169938|0.8955014855535783|0.8532389226127793,24.112001180648804
UPPER,1,INCISOR_UL2_LR2,9,BUCCAL_OR_LABIAL,3,3.1121365146686966,0.5377763075333881|-0.1028923148882574|0.5524140866813756|0.4845774218408894|0.9864206690774382|0.5859886747683478,25.01781725883484
UPPER,1,INCISOR_UL2_LR2,9,LINGUAL_OR_PALATAL,4,1.5339602319708308,0.4286570860292497|0.6700254743331318|0.3528795531824667|0.41670014304544484|0.08123869078177148|0.19694712453191143,24.669996738433838
UPPER,1,INCISOR_UL2_LR2,9,CUSP,6,1.1344950169369972,0.48100116014227384|0.6395745426106801|-0.0064435505620172254|0.18640328447674942|0.9405145642555295|0.28841583278426486,24.85199499130249
UPPER,1,CANINE_UL3_LR3,10,MESIAL,1,0.7303276611812543,-0.08352216223093242|0.22397419287247033|0.9439519883259943|0.09897771533855688|0.956353361527307|0.7550282380791085,24.415992736816406
UPPER,1,CANINE_UL3_LR3,10,DISTAL,2,3.4876516201330285,1.2052489208257615|-0.08246699137459139|-0.035607634360733206|0.14782715396797502|0.8619253502713675|0.18924095857959156,24.215997219085693
UPPER,1,CANINE_UL3_LR3,10,BUCCAL_OR_LABIAL,3,1.6905101219044567,0.7094791251614885|0.5224722088540981|0.7481526167244315|0.6085674241295747|0.6479853086485392|0.9505443116620864,26.262037992477417
UPPER,1,CANINE_UL3_LR3,10,LINGUAL_OR_PALATAL,4,1.5202014934972075,0.4730151589948533|0.646466706120917|0.6714474669321053|1.2125170288949985|0.7163981568641298|0.9717934393555177,25.858604669570923
UPPER,1,CANINE_UL3_LR3,10,CUSP,6,1.2392432392521069,0.33115558638172327|0.004726313435921191|0.7489413490581025|0.09440937050289232|1.0216671748703043|-0.12724938575230488,24.97903347015381
UPPER,1,PREMOLAR_UL4_LR4,11,MESIAL,1,1.037498274720706,0.7908285371626379|0.7664507222303523|1.0997184493086412|0.4246502081932646|0.38994103917447176|0.22221412663219764,24.38698935508728
UPPER,1,PREMOLAR_UL4_LR4,11,DISTAL,2,3.626471072721194,0.5704516641206346|0.18965336131268196|0.18931116488984204|0.4820978013134718|0.9716283742048901|0.6487873493254734,25.15096426010132
UPPER,1,PREMOLAR_UL4_LR4,11,BUCCAL_OR_LABIAL,3,2.1223357764421333,0.940837860784572|-0.9280393965303961|0.8881332608773834|0.11972801294013119|0.935139790733366|1.2969203565575718,27.038966417312622
UPPER,1,PREMOLAR_UL4_LR4,11,LINGUAL_OR_PALATAL,4,1.1900752296881474,0.305385460882868|0.9621461476017086|0.3826751167245742|0.6099384361582386|0.17691419935892333|0.4862907880298034,26.67097496986389
UPPER,1,PREMOLAR_UL4_LR4,11,PIT,5,0.38478147421572395,0.47052121368334654|0.7068931746644587|0.8638439743292599|0.5086583002458179|0.05545409237140619|0.9951125308996602,25.015959978103638
UPPER,1,PREMOLAR_UL4_LR4,11,CUSP_IN,8,0.6802325144435645,0.4509598694479665|0.7919027319353291|0.16294536192143194|0.16144898810717856|0.9775668040666254|0.2328668790217184,25.035001754760742
UPPER,1,PREMOLAR_UL4_LR4,11,CUSP_OUT,7,0.6017067656171221,0.5280085547457346|0.5094181034721321|1.0570241271966032|0.8975817963592605|0.701028013966922|0.1032941200210559,25.00443124771118
UPPER,1,PREMOLAR_UL5_LR5,12,MESIAL,1,0.15624054218376046,0.47332457009857354|0.7160063215748226|0.9558692942492897|0.004667847803175657|0.8852478308975121|0.704237907122432,24.7450008392334
UPPER,1,PREMOLAR_UL5_LR5,12,DISTAL,2,2.9975765765682083,1.0000961606452041|-0.7546380489293509|-0.04179637753428221|1.257524089304245|1.74554946654966|0.7405476534805049,24.85304594039917
UPPER,1,PREMOLAR_UL5_LR5,12,BUCCAL_OR_LABIAL,3,2.074543756230627,0.820778699732438|0.17321739382490398|1.0347389677706413|0.7542069840531176|0.06760115372704255|0.16729038936412927,26.908958911895752
UPPER,1,PREMOLAR_UL5_LR5,12,LINGUAL_OR_PALATAL,4,0.36694205600370217,-0.0036897462651648127|0.7202366543931253|0.2739639503396126|0.647920180802868|0.30594527130824345|0.24298035023717682,26.718961477279663
UPPER,1,PREMOLAR_UL5_LR5,12,PIT,5,0.51658078474207,0.7349557815689982|0.5650439466679116|0.5803366212718649|0.3837114532769397|0.06517341904266177|0.6302873685820062,24.96204710006714
UPPER,1,PREMOLAR_UL5_LR5,12,CUSP_IN,8,0.6133895040323502,0.13988780282576346|0.3973485889987202|1.1607917113872976|1.1650159499315351|0.5390929580898411|-0.04974683894159568,24.81696128845215
UPPER,1,PREMOLAR_UL5_LR5,12,CUSP_OUT,7,0.34453552836665374,0.36770593996056167|0.8059547335235531|0.3585446954435435|0.34455422826982984|0.721608926908448|-0.31833702183292845,24.779518604278564
UPPER,1,MOLAR_UL6_LR6,13,MESIAL,1,1.0933151525410625,0.260738025530026|0.4769383681390089|0.8401096996632341|0.15455498324349662|0.37192185946196854|-0.10357522075541355,26.188000679016113
UPPER,1,MOLAR_UL6_LR6,13,DISTAL,2,5.469354882967735,0.6680876701247913|0.66366009065766|0.23717311418073925|0.8871915448008859|0.3036448019053715|0.28435887985762176,26.258946657180786
UPPER,1,MOLAR_UL6_LR6,13,BUCCAL_OR_LABIAL,3,2.6706917364296308,0.5635702204604081|0.19546394974294878|0.6046895831716995|0.21644405995814858|0.23364664969793747|0.4037166201377038,27.979997634887695
UPPER,1,MOLAR_UL6_LR6,13,LINGUAL_OR_PALATAL,4,2.9600495641026687,0.09126481123030133|0.9099210668029709|-0.13201328210208996|1.1067173529839103|0.19863436233231693|0.3853197558359186,28.62097930908203
UPPER,1,MOLAR_UL6_LR6,13,PIT,5,0.5717698786660644,-0.5977595603791386|-0.36598140013619296|0.9099356172417905|1.2785749730302935|0.031729889662523394|1.3412035453663482,26.248000383377075
UPPER,1,MOLAR_UL6_LR6,13,CUSP_IN_MESIAL,12,0.5826851711862289,0.17284610426977243|0.26836363598545654|0.682820306321434|0.7252381471358085|0.6644276678895278|0.12291991482556161,26.382998943328857
UPPER,1,MOLAR_UL6_LR6,13,CUSP_IN_DISTAL,13,1.0233011674367443,1.3947568355774833|1.501648713880583|0.214328689021426|0.4618549544847005|0.6262826096854133|-0.4752623399256341,26.141003131866455
UPPER,1,MOLAR_UL6_LR6,13,CUSP_OUT_MESIAL,9,0.38991268434818577,0.9096562794372023|0.7701609702383125|0.5354236298452674|0.5263115063101576|1.103106637320773|0.3642514331617787,25.973000288009644
UPPER,1,MOLAR_UL6_LR6,13,CUSP_OUT_DISTAL,11,0.4912844924433355,0.868914795719306|0.6447331341539884|0.749343954395544|0.7473732637714408|0.9975046110058765|0.16875316555901004,26.385000705718994
UPPER,1,MOLAR_UL7_LR7,14,MESIAL,1,1.0188953216921512,0.7311645068508468|0.921607721996673|0.7399793606511591|0.26328807510623736|0.9105464307745851|0.7879653889493936,25.32796311378479
UPPER,1,MOLAR_UL7_LR7,14,DISTAL,2,4.987101268037523,0.20523355354265466|0.1452562596583578|-0.06911039947162134|1.0205849357777446|0.13810562318546585|0.1320295370579267,25.670986890792847
UPPER,1,MOLAR_UL7_LR7,14,BUCCAL_OR_LABIAL,3,1.9526673625639392,0.8186175860581061|0.6095241976850758|0.4871148863898324|0.08936819457879489|0.2943653603157967|0.7855850594551459,27.1470365524292
UPPER,1,MOLAR_UL7_LR7,14,LINGUAL_OR_PALATAL,4,2.354311603296859,-0.14398934773021|0.9217361506554944|0.7806257411666726|1.1727192073183086|0.29014559352748914|0.41911986738477375,27.599779844284058
UPPER,1,MOLAR_UL7_LR7,14,PIT,5,0.49445045583590813,-0.42740609108054584|0.20740635087050366|-0.8022155600341689|-0.543008010934595|-0.5734532303357077|1.2246147913494758,25.631184339523315
UPPER,1,MOLAR_UL7_LR7,14,CUSP_IN_MESIAL,12,0.2826276082757893,0.20250351442239778|0.25638732906553496|0.40514012137242467|0.5255915367627079|1.244777547529663|-0.18712550732992567,26.92656373977661
UPPER,1,MOLAR_UL7_LR7,14,CUSP_IN_DISTAL,13,1.0711857962250533,1.2140261872740181|0.360757153300364|-0.085451342054678|0.7229442264112517|0.8587729634050222|-0.03848097063283289,25.492202520370483
UPPER,1,MOLAR_UL7_LR7,14,CUSP_OUT_MESIAL,9,0.15100710438628898,0.3250536950390118|0.027383931401764025|0.7302383706502347|0.6626563731549083|1.07153784802068|0.4058652271991805,25.331961631774902
UPPER,1,MOLAR_UL7_LR7,14,CUSP_OUT_DISTAL,11,2.3126277541446467,0.7048174758172596|0.1225381135516471|0.9777653194666468|1.121952115468483|0.5879300202425675|0.3360101785607714,25.548967123031616
LOWER,2,MOLAR_UR7_LL7,1,MESIAL,1,1.5539902345343768,-0.041210657689077106|-0.16174827216931864|1.0737533844062868|0.016810333885893026|0.7719111308156098|0.5116665600573311,25.673970699310303
LOWER,2,MOLAR_UR7_LL7,1,DISTAL,2,5.146260796183083,0.4044627942339315|0.43009538211589005|0.3023942893340026|0.6285986119646982|0.2715730183023463|0.24586067886812996,25.978433847427368
LOWER,2,MOLAR_UR7_LL7,1,BUCCAL_OR_LABIAL,3,1.7478935639165158,-0.11807600276148224|1.2102291091940176|0.02569063408559329|0.06520922429745107|0.1854640811903706|1.2952848244377695,28.189344882965088
LOWER,2,MOLAR_UR7_LL7,1,LINGUAL_OR_PALATAL,4,1.1873406106079456,0.690492752076506|0.26132074052406984|0.001439479765614125|0.4951202108485909|-0.8024327793635264|0.7797147686654369,28.040093660354614
LOWER,2,MOLAR_UR7_LL7,1,PIT,5,0.4325905102106108,0.41041181284440115|0.19244134245828143|0.15555465733972576|0.3866940900343514|0.0899414856432337|0.4837135747864043,25.8210027217865
LOWER,2,MOLAR_UR7_LL7,1,CUSP_IN_MESIAL,12,0.13979573242443183,0.3970370648364791|0.38365650383067906|-0.2028298194055425|-0.15751558173503127|0.6886273613756753|0.39153099517279977,25.86996030807495
LOWER,2,MOLAR_UR7_LL7,1,CUSP_IN_DISTAL,13,0.3136593768529367,0.27085389511265756|0.23602612087400962|0.97725429470834|0.8470033780825044|0.8038711479527215|0.27052430849127285,25.61799430847168
LOWER,2,MOLAR_UR7_LL7,1,CUSP_OUT_MESIAL,9,0.199549182065275,0.1294934810381795|0.33094274056287354|0.7337591110034477|0.6000200935774302|1.1297442607044164|0.12233622047946469,25.473995447158813
LOWER,2,MOLAR_UR7_LL7,1,CUSP_OUT_DISTAL,11,0.0989711712448472,-0.02684725698231481|0.05185758479994966|0.9276118590009006|1.0116081280601807|0.727290379542809|0.18173872562381327,25.77004599571228
LOWER,2,MOLAR_UR6_LL6,2,MESIAL,1,4.699502720726306,1.0708714369288161|1.1544237486932416|0.293683444188536|0.13618269012122255|0.6843862097118554|0.05953774792597909,26.799943447113037
LOWER,2,MOLAR_UR6_LL6,2,DISTAL,2,5.552216177247572,0.4841486159964876|0.5728850832703698|-0.14596094011560612|1.1306010606950296|1.6077664539550212|0.7692033983427274,27.553978443145752
LOWER,2,MOLAR_UR6_LL6,2,BUCCAL_OR_LABIAL,3,3.048240125255988,-0.09255296331366974|0.6510273915729663|0.3173729484843494|-0.1237143714034962|1.1509980056524398|0.3707850142841115,29.813997268676758
LOWER,2,MOLAR_UR6_LL6,2,LINGUAL_OR_PALATAL,4,1.634127084085392,0.35917731548512877|0.27382025125129117|-0.06599381565890669|0.4696991251445217|0.3715897197531425|0.814030183892102,28.664026737213135
LOWER,2,MOLAR_UR6_LL6,2,PIT,5,0.47099350855559574,-1.1268392475673625|0.014762497194452792|0.82453624557982|0.08810477857659882|-1.494484823230261|1.6739035058504725,26.699007987976074
LOWER,2,MOLAR_UR6_LL6,2,CUSP_IN_MESIAL,12,0.5602872547941095,0.9934324147937815|0.8796076699199844|1.1491018679791822|1.1804639662460898|1.3408374949536785|0.24145831147633987,27.341490268707275
LOWER,2,MOLAR_UR6_LL6,2,CUSP_IN_DISTAL,13,0.2976337944924441,0.43401188225710724|-0.29811532353227876|0.007553801188966243|0.8127995428233442|1.6537198901280146|-1.2433194489908508,26.714021682739258
LOWER,2,MOLAR_UR6_LL6,2,CUSP_OUT_MESIAL,9,1.039876569183134,0.7668992070672287|0.7182474563728486|1.1532159062923075|0.8449354283421321|0.8424835684540397|-0.5708756154616902,26.232354402542114
LOWER,2,MOLAR_UR6_LL6,2,CUSP_OUT_DISTAL,11,1.0125627402008612,0.6661389075643412|0.530367061086792|0.43655563642376577|0.3726306632690806|1.676042323514121|-0.28506912014726804,27.218955993652344
LOWER,2,MOLAR_UR6_LL6,2,CUSP_OUT_MIDDLE,10,0.1809394112538804,0.33042751096405226|0.2438862607743793|0.11626721299429316|0.23151501392926968|1.2024864218503741|-0.17824309480085418,26.919999599456787
LOWER,2,PREMOLAR_UR5_LL5,3,MESIAL,1,0.5874058321447964,1.147393143104103|0.6732041528270782|0.7035169415937816|-0.017905295210634716|0.7913286490480238|0.554534697697393,25.87181258201599
LOWER,2,PREMOLAR_UR5_LL5,3,DISTAL,2,2.97700253055756,0.3988541587916976|0.6424409820015154|0.4094798092864597|1.348814103247058|-0.27764878245441404|-0.3350432459184154,25.602001428604126
LOWER,2,PREMOLAR_UR5_LL5,3,BUCCAL_OR_LABIAL,3,1.4665877184196061,0.49759168852243335|0.7252098573097532|0.8966184050097894|-0.047784357073442016|0.4149986833725442|0.31129544246922836,27.243962049484253
LOWER,2,PREMOLAR_UR5_LL5,3,LINGUAL_OR_PALATAL,4,1.6589933226099696,0.8713883418609143|0.6721390445647009|-0.18026454413375348|1.051785970018361|0.44265717394327864|1.0169287578663395,27.221039533615112
LOWER,2,PREMOLAR_UR5_LL5,3,PIT,5,0.765185542282693,0.5537914690965142|0.14106750203540316|-0.3715040624398092|1.0431428346510234|0.0005529252848896246|0.7727028060302524,25.433469772338867
LOWER,2,PREMOLAR_UR5_LL5,3,CUSP_IN_MESIAL,12,1.2289468487204027,1.1248957193654756|0.3334719175967281|0.38058872007071365|1.0584871083397789|1.052521491401761|0.23169572998322502,25.286972761154175
LOWER,2,PREMOLAR_UR5_LL5,3,CUSP_IN_DISTAL,13,0.7104140861463786,0.7587601347985984|0.8412452968275016|0.12232972403847547|0.548836400915178|0.6756417792006698|-0.06682379656894545,24.988059520721436
LOWER,2,PREMOLAR_UR5_LL5,3,CUSP_OUT,7,0.2600086248344874,0.10899561610413207|0.1055533983456387|0.5584162277620498|0.5564714472584925|0.21680231108812809|-0.30188938729410164,25.1390061378479
LOWER,2,PREMOLAR_UR4_LL4,4,MESIAL,1,0.4250238235969708,1.203085803822031|0.6210040819859639|1.0631270861991005|0.15015599582254283|0.3315014032317254|-0.03497950300510825,25.36300230026245
LOWER,2,PREMOLAR_UR4_LL4,4,DISTAL,2,3.296003342795166,0.4267509002190001|0.7115356673590398|0.21802118959731187|0.9958923637353558|0.6050465502460162|0.46243141914191244,24.743000745773315
LOWER,2,PREMOLAR_UR4_LL4,4,BUCCAL_OR_LABIAL,3,0.9313594014914531,-0.15208838475364894|0.012421409833602357|0.7616295452761825|0.6289511646574819|0.7768124365780537|0.70512449066426,26.59191370010376
LOWER,2,PREMOLAR_UR4_LL4,4,LINGUAL_OR_PALATAL,4,1.4836404100787468,0.8501098152364261|0.6489270584207967|0.4309422735805474|0.8257235268154596|0.630971112305249|0.7404481059398725,26.59196162223816
LOWER,2,PREMOLAR_UR4_LL4,4,PIT,5,1.5731726729403577,0.786787236008319|0.36423751511081504|0.1944790861631845|0.6619342182368043|1.1000802580599407|1.0680494428615963,24.879964351654053
LOWER,2,PREMOLAR_UR4_LL4,4,CUSP_IN,8,0.9569619937479488,1.2139073436434265|0.5583997400631192|0.38358153983480825|0.9952885862979993|0.9600464805810986|0.1655261738516688,25.271000623703003
LOWER,2,PREMOLAR_UR4_LL4,4,CUSP_OUT,7,0.5266544457955361,0.4489546547573597|0.5974798586733631|-0.20244683321784473|-0.13322834826817115|1.0185415853842033|0.41576501089863843,24.787962436676025
LOWER,2,CANINE_UR3_LL3,5,MESIAL,1,0.6348400863552359,0.4936491411271151|-0.6233394514414435|1.2178743891220272|-0.5159869563697443|0.2494131974533528|-0.035743147925651114,24.8559627532959
LOWER,2,CANINE_UR3_LL3,5,DISTAL,2,2.769771117538889,0.15847139079457276|1.460265669923459|0.45980323611613894|0.9123443562737752|0.06567773211593714|-0.22158797028332722,24.434962272644043
LOWER,2,CANINE_UR3_LL3,5,BUCCAL_OR_LABIAL,3,0.9746759639448891,0.5087431671242575|1.1889472676728605|1.085928363290582|0.1115787145303887|0.009480926727072712|0.24744642190144273,26.299983739852905
LOWER,2,CANINE_UR3_LL3,5,LINGUAL_OR_PALATAL,4,0.927277728304921,0.9223958723589648|0.6331459207097252|0.05399351108478889|0.7080439574298623|0.5142114467354888|0.6544562202179902,25.889960289001465
LOWER,2,CANINE_UR3_LL3,5,CUSP,6,0.7479847563105967,0.3932303480418335|0.6402357068054507|-0.296082838190736|-0.2812794148992373|1.2238966258301844|0.5072390689444878,25.76395535469055
LOWER,2,INCISOR_UR2_LL2,6,MESIAL,1,0.7806480726216536,1.2144863278334426|0.6967380166908902|0.41302750834839186|0.33640254278980175|0.7375422030892749|0.5368950942927136,24.84300208091736
LOWER,2,INCISOR_UR2_LL2,6,DISTAL,2,1.16415817120566,-0.3154877607420602|0.7042372527157614|0.8419734679215174|1.2025844428872747|0.09758464662356|-0.13604838694759094,24.32400155067444
LOWER,2,INCISOR_UR2_LL2,6,BUCCAL_OR_LABIAL,3,1.517595084558494,-0.2862183588975251|0.6394314384313083|0.35142758436120003|-0.4852929879055943|0.2611549234938034|0.8053788841935525,24.427997827529907
LOWER,2,INCISOR_UR2_LL2,6,LINGUAL_OR_PALATAL,4,1.1452253237258847,0.8088480037365884|0.379874985859331|0.48656907742005345|1.401664787882531|0.10167774982420835|0.6907036297079496,24.69699454307556
LOWER,2,INCISOR_UR2_LL2,6,CUSP,6,0.4621299044008259,0.0998072400712563|0.3868496947952823|0.4632049845798407|0.2737425855353599|0.722544593451445|-0.08951250738035169,24.919209718704224
LOWER,2,INCISOR_UR1_LL1,7,MESIAL,1,0.734954743750822,1.0875264254366361|0.4246212967242121|0.6257023416074181|0.41354125255197904|1.0214803546421045|0.46940978930371235,24.35500431060791
LOWER,2,INCISOR_UR1_LL1,7,DISTAL,2,0.7010768083518789,-0.4431219756622524|0.8051844013916163|0.33531456587763586|-0.06524135727979069|1.3301753634605986|0.8603582784146093,24.00399947166443
LOWER,2,INCISOR_UR1_LL1,7,BUCCAL_OR_LABIAL,3,1.1621786053969734,0.2501421645255265|1.101323059923875|1.3475363672194576|-0.9837867788052805|0.749970388910083|0.9812153172409691,25.414003133773804
LOWER,2,INCISOR_UR1_LL1,7,LINGUAL_OR_PALATAL,4,2.141387800325135,0.49222387003549095|1.3726832339804544|-0.5604837720726472|-0.0024106696592234834|0.3359354712861002|0.8263709641520731,24.534568548202515
LOWER,2,INCISOR_UR1_LL1,7,CUSP,6,0.8845172570222597,0.22692394260781715|0.28297052003441414|0.5908001191181662|0.4016342262758062|0.9459427360891223|0.49201600579533056,24.829999685287476
LOWER,2,INCISOR_UL1_LR1,8,MESIAL,1,0.4645948585689021,-0.2593780114887069|1.0573029693213105|0.0198932745925609|-0.12064848416400134|0.865931147659855|0.5814055722813593,24.511997938156128
LOWER,2,INCISOR_UL1_LR1,8,DISTAL,2,0.952884238806629,0.7430039658818248|0.2287957648287013|-0.025617130264951635|0.08294148413753061|0.8706501649426626|0.8171759112878914,24.481996774673462
LOWER,2,INCISOR_UL1_LR1,8,BUCCAL_OR_LABIAL,3,0.6260654692813148,1.435026799513498|0.4071166153422172|0.6438832317689172|0.1890914792147049|0.37463018724216623|1.1339442340412988,24.64800763130188
LOWER,2,INCISOR_UL1_LR1,8,LINGUAL_OR_PALATAL,4,2.539650981265033,0.99620277931724|0.9565958583069458|-0.38968882685331424|0.15501927880200483|0.009159533576394369|0.3711780616147533,24.447018146514893
LOWER,2,INCISOR_UL1_LR1,8,CUSP,6,0.8330566861645821,0.38342216794783857|0.3797402594059264|0.6493921444892018|0.6344291123752068|0.4123442349474944|0.19936802030208325,25.073972940444946
LOWER,2,INCISOR_UL2_LR2,9,MESIAL,1,0.42612352040793156,0.5007745590365953|1.121634747336329|0.5165118207822944|0.1774432698526145|0.30936231869671316|0.16063322211825976,23.976248741149902
LOWER,2,INCISOR_UL2_LR2,9,DISTAL,2,1.3965881545356433,0.7935282000651511|0.3627773884107089|0.5497530534611594|0.8890671813726762|0.8616005714625736|0.7316895433227073,24.38797903060913
LOWER,2,INCISOR_UL2_LR2,9,BUCCAL_OR_LABIAL,3,1.193753704452887,0.7124852341627688|0.19653636718101805|0.6388041997213997|0.25281416245224614|0.4366390624227145|0.07897687803819065,24.36299991607666
LOWER,2,INCISOR_UL2_LR2,9,LINGUAL_OR_PALATAL,4,2.073787834487571,0.334005116190685|0.9903288286634595|0.32267870220385875|0.873412155883152|0.018942572268639418|0.34798189884953135,24.439109086990356
LOWER,2,INCISOR_UL2_LR2,9,CUSP,6,0.7905253452354905,0.8040128524139796|0.7172763048680153|0.14245304298169248|0.0941179850537372|0.32487336025123853|0.09634612841872621,24.79898476600647
LOWER,2,CANINE_UL3_LR3,10,MESIAL,1,0.5589058246614255,0.5088065575258213|0.7000627967085138|0.9875150016763379|0.7938425686520292|0.8915196343111254|0.8094031539614217,24.844963550567627
LOWER,2,CANINE_UL3_LR3,10,DISTAL,2,2.37935019737609,0.7490878969112829|-0.009260062125295305|0.941536004536093|1.055829156710125|0.09491074973278149|-0.08448539117592832,24.341039657592773
LOWER,2,CANINE_UL3_LR3,10,BUCCAL_OR_LABIAL,3,1.4891878827185974,0.6459770826247007|-0.01148443001999289|0.9407829765917421|0.08059128498837395|0.7101330245828716|0.670636431034914,27.415002822875977
LOWER,2,CANINE_UL3_LR3,10,LINGUAL_OR_PALATAL,4,1.536178817216579,0.17140899963062173|0.3513098432873365|0.20480393485174636|1.0433296487761268|0.39322275056127165|0.37222478451333113,26.399003744125366
LOWER,2,CANINE_UL3_LR3,10,CUSP,6,0.5049545259961763,0.8487578025908847|-0.18934114644060956|0.626665243306545|0.5146380458290669|0.7987300629127068|0.19255514232423188,26.133002519607544
LOWER,2,PREMOLAR_UL4_LR4,11,MESIAL,1,0.12852140931495687,0.7726088492326056|0.9716081134068066|1.136862164649905|0.3172951972663831|0.6815789345190157|0.47162044604568726,25.038583755493164
LOWER,2,PREMOLAR_UL4_LR4,11,DISTAL,2,3.7326918977056773,1.2132570617634177|0.5889910200842845|-0.2839868326450979|1.2019032407509074|0.9533740089585613|0.80488831327721,25.242011070251465
LOWER,2,PREMOLAR_UL4_LR4,11,BUCCAL_OR_LABIAL,3,0.7260065333669955,0.3934460718304889|0.1870326347308959|1.667060067220837|0.5111119906138647|0.6361949032989562|1.0605027788275252,27.28103995323181
LOWER,2,PREMOLAR_UL4_LR4,11,LINGUAL_OR_PALATAL,4,0.6268723920990702,0.1261080861648638|0.6831053269251379|0.2952990316511311|0.9585097466360133|0.15288391233572063|0.35490731924534485,27.205040216445923
LOWER,2,PREMOLAR_UL4_LR4,11,PIT,5,1.9873849232789473,0.46304500247488267|0.9669676441809801|-0.10595569108460902|0.8318859647038699|-0.05514188201955271|0.9684745883925117,25.786993503570557
LOWER,2,PREMOLAR_UL4_LR4,11,CUSP_IN,8,0.9653511691810057,0.4160390823443664|1.6638697674595138|-0.12649731144413623|0.5585662189625582|1.3560891744144044|0.2170696318379869,25.7205867767334
LOWER,2,PREMOLAR_UL4_LR4,11,CUSP_OUT,7,0.2563808357211624,0.5103960316752209|0.6597470827309158|0.652242559095619|0.6217977855973307|0.773102996288882|-0.0359458516519435,25.850959539413452
LOWER,2,PREMOLAR_UL5_LR5,12,MESIAL,1,0.8964156795739404,0.3799246618879849|0.5676250611466127|0.8077985670341983|0.5266714650338664|0.5319631020587132|0.3900494427243523,25.52466130256653
LOWER,2,PREMOLAR_UL5_LR5,12,DISTAL,2,3.157970659292965,1.0494637643411115|0.767738051438859|0.26366366612414716|0.9174005043231134|0.6408351498820102|0.252748781257416,26.118000268936157
LOWER,2,PREMOLAR_UL5_LR5,12,BUCCAL_OR_LABIAL,3,1.9144802538800703,0.5551600445918564|-0.13263527598028368|0.813859141707155|-0.01653981091161543|0.47062634054568253|0.12294069255591851,27.764000177383423
LOWER,2,PREMOLAR_UL5_LR5,12,LINGUAL_OR_PALATAL,4,1.5697548402843364,0.27849150962360175|1.008894129055295|0.21279309644076583|0.4688455375730176|0.11814533062684812|0.38795154621554573,29.34853982925415
LOWER,2,PREMOLAR_UL5_LR5,12,PIT,5,0.47724641505800813,0.32166550046497727|-0.0923890825986735|1.2109791341453917|0.6066701282996128|-0.4969844042174456|1.3260333767051193,28.307002305984497
LOWER,2,PREMOLAR_UL5_LR5,12,CUSP_IN_MESIAL,12,1.4231521425433808,0.4335475445211442|0.956512938371328|0.018348511163502612|0.30505462287650975|0.9027801613059538|0.5674689892297042,25.37603497505188
LOWER,2,PREMOLAR_UL5_LR5,12,CUSP_IN_DISTAL,13,1.353870388130298,0.8228701375720229|0.8295070450363224|0.36136974661456034|0.9167100700649033|0.4550755350883379|0.08599175706564195,25.092137575149536
LOWER,2,PREMOLAR_UL5_LR5,12,CUSP_OUT,7,0.2661850721968233,-0.12859899863814206|-0.020265048088541068|0.4340877570882491|0.5620412051217353|0.7055518988635674|-0.24789090080546416,25.54199981689453
LOWER,2,MOLAR_UL6_LR6,13,MESIAL,1,0.9872644471193565,0.10103432489380203|0.3213709830590832|1.2876511932549053|0.05418053080561701|0.3379871297036671|0.12686948242951995,27.223036527633667
LOWER,2,MOLAR_UL6_LR6,13,DISTAL,2,5.846119673490363,-0.009378537678077156|0.1341978633374344|0.19546737586389573|0.6601668296726726|1.453970160270081|0.4467374302361764,27.064000606536865
LOWER,2,MOLAR_UL6_LR6,13,BUCCAL_OR_LABIAL,3,1.87209343947893,1.8700178941031136|0.4447738560569778|1.1306793925752243|0.57552318530401|0.1182365974245849|0.8592343121925607,28.799957036972046
LOWER,2,MOLAR_UL6_LR6,13,LINGUAL_OR_PALATAL,4,1.5758604802675942,0.04835073325754528|0.7182888057377239|0.5367308160203268|0.5445733895349757|0.5427440210020302|0.7328382109915454,32.742040157318115
LOWER,2,MOLAR_UL6_LR6,13,PIT,5,0.3858984174769046,1.107857646584425|0.9012191789615693|0.42445879565860045|0.40906830008109796|0.3194169763218073|0.8842763809058757,27.14695954322815
LOWER,2,MOLAR_UL6_LR6,13,CUSP_IN_MESIAL,12,0.5031371957034757,0.14896565610939558|1.0058489396417782|0.7737543937517468|0.8023975763204374|0.8800704657140774|-0.12496291475079228,27.8410005569458
LOWER,2,MOLAR_UL6_LR6,13,CUSP_IN_DISTAL,13,0.26775827567091554,-0.7034024350538974|0.29822065906101936|0.9750631870473798|1.184105411931839|0.9369100493637545|-1.220192808412579,26.936962127685547
LOWER,2,MOLAR_UL6_LR6,13,CUSP_OUT_MESIAL,9,0.8899417489346332,0.45681102729322987|0.35724588172868543|0.8223231204319625|0.5870415975016061|0.7675386220089523|-0.6281837154503012,26.81203866004944
LOWER,2,MOLAR_UL6_LR6,13,CUSP_OUT_DISTAL,11,0.5297711716279762,0.8656902817392165|0.9765484496085699|0.4979633675780747|0.6485402471351749|1.1715993423727447|0.2877734787657821,26.716979503631592
LOWER,2,MOLAR_UL6_LR6,13,CUSP_OUT_MIDDLE,10,0.5186164253585392,0.40060016273642585|0.470689562996208|0.45496845617431014|0.508861870337274|1.0553302967563618|0.3549328543143561,27.651236295700073
LOWER,2,MOLAR_UL7_LR7,14,MESIAL,1,1.836096506058792,0.9883387561598808|0.8709104211272405|0.9132387107193968|-0.2295100138193955|0.9152436014521712|0.3823051156387567,26.3557550907135
LOWER,2,MOLAR_UL7_LR7,14,DISTAL,2,5.554804276392285,0.8399187799372396|0.951554381891974|0.4810890922468317|2.4491605219329933|-0.05618164517658377|-0.6010019195781913,26.480387926101685
LOWER,2,MOLAR_UL7_LR7,14,BUCCAL_OR_LABIAL,3,1.7922426386993662,0.5249361511161466|-0.34727757439881096|0.5114340634878517|0.4878208935951628|-0.33001639096217733|0.9367597864817945,28.757131099700928
LOWER,2,MOLAR_UL7_LR7,14,LINGUAL_OR_PALATAL,4,1.5588809861028377,0.12028022718855597|1.1264918121643757|0.2748377687188311|0.632173977296296|0.31792962340732|0.48482823576458056,28.86407780647278
LOWER,2,MOLAR_UL7_LR7,14,PIT,5,0.7245222910365828,0.37242806866723116|0.3494327702777806|0.2614948034000165|0.5714209089668427|0.22019742590085528|0.412263296737546,26.24187207221985
LOWER,2,MOLAR_UL7_LR7,14,CUSP_IN_MESIAL,12,0.4338739124256842,0.1675171042176229|0.47564590221869385|0.4458194458759591|0.4139453051170837|0.8924544862706321|-0.5701463642882278,26.324957847595215
LOWER,2,MOLAR_UL7_LR7,14,CUSP_IN_DISTAL,13,0.30307417720549623,0.21213700472510946|0.9572554975425309|0.5920752426224889|0.6417087359638868|0.4735025158479597|-0.21690462403992578,25.601433753967285
LOWER,2,MOLAR_UL7_LR7,14,CUSP_OUT_MESIAL,9,0.31134731212262007,0.7782541097316934|0.7222539628575905|1.5360056740036285|0.5702299848791323|2.2875040432854243|-2.919926237986922,26.047999620437622
LOWER,2,MOLAR_UL7_LR7,14,CUSP_OUT_DISTAL,11,0.20450589706202282,0.6138061652045028|0.6192611074223566|0.83164437649988|0.8593977220694313|0.9535380520213905|0.16209120530564514,26.725229024887085
