UPPER,1,MOLAR_UR7_LL7,1,MESIAL,1,0.4921242844612872,0.2045784379855813|0.1998592475441441|0.3841911297649655|0.14828598875285223|0.1110106635970626|-0.04792546764460587,24.78395962715149
UPPER,1,MOLAR_UR7_LL7,1,DISTAL,2,4.70146389887974,0.10763164956948806|0.11254234814820036|-0.02617077256734165|0.315427629344006|0.24263388158450186|0.24793526392114534,24.3870108127594
UPPER,1,MOLAR_UR7_LL7,1,BUCCAL_OR_LABIAL,3,1.6368208909270177,0.13591019690684206|0.24103814990908973|0.054272686363796695|0.06783393232398353|0.09640476361786064|0.4045402708784273,25.01699995994568
UPPER,1,MOLAR_UR7_LL7,1,LINGUAL_OR_PALATAL,4,2.3907023292602294,0.2710339582263047|0.022576952099716763|0.11291927834758038|0.36239422026527934|0.06651430583045442|0.16456128523066432,24.860999584197998
UPPER,1,MOLAR_UR7_LL7,1,PIT,5,0.5423391832721245,0.13025712042811435|0.1307350707071154|0.12366939856168936|0.005270739868109565|0.18424318037205142|0.42582449006291995,23.93053436279297
UPPER,1,MOLAR_UR7_LL7,1,CUSP_IN_MESIAL,12,0.9320723635082995,0.1452614437984331|0.09241744825908028|0.24085790468294788|0.22197617783971513|0.22672239067487507|0.07276463474494844,24.433961391448975
UPPER,1,MOLAR_UR7_LL7,1,CUSP_IN_DISTAL,13,0.4257096077210532,0.1371277878183055|0.17738210414022326|0.06218482944828381|0.17444467778889308|0.34447113348930747|0.10438946731498688,24.97899842262268
UPPER,1,MOLAR_UR7_LL7,1,CUSP_OUT_MESIAL,9,0.4365817061004758,0.03345669673097059|0.232238941337085|0.16245432388415468|0.09763380616781847|0.43144741525276614|0.04276881662720509,24.027040004730225
UPPER,1,MOLAR_UR7_LL7,1,CUSP_OUT_DISTAL,11,0.42421523771923303,0.29745157637670966|0.3129959208451917|0.03982636856108292|0.09866872884122867|0.2489041670051057|0.002153238370681418,24.455000400543213
UPPER,1,MOLAR_UR6_LL6,2,MESIAL,1,0.3098012916680927,0.23358436156823256|0.18323425119544615|0.22577771142027864|-0.09473312421768858|0.30780612366194976|0.14433067637178157,24.631004333496094
UPPER,1,MOLAR_UR6_LL6,2,DISTAL,2,4.718490587769757,0.09099926082133108|0.13672624829834745|0.14144422356497294|0.29604156664314385|0.186195444669231|0.14859325600297366,25.814966678619385
UPPER,1,MOLAR_UR6_LL6,2,BUCCAL_OR_LABIAL,3,1.9436475779923177,-0.00868909438157702|0.39949111690677364|0.37086275899803167|-0.16728985808231256|0.09118555147913936|0.314439525079945,24.674515962600708
UPPER,1,MOLAR_UR6_LL6,2,LINGUAL_OR_PALATAL,4,1.569139053919856,0.2555223314566506|0.07012798755612844|0.045695223156540586|0.0911455295208914|0.20231398794173266|0.3351949403680564,25.980992078781128
UPPER,1,MOLAR_UR6_LL6,2,PIT,5,0.860866447724045,0.1601410954524749|0.13740096353266085|0.23369651588926968|0.2546392025748967|0.04872532589872749|0.1653968966519704,24.16303825378418
UPPER,1,MOLAR_UR6_LL6,2,CUSP_IN_MESIAL,12,0.4059388028908927,0.019340399113471636|0.021248613323802155|0.309702656353451|0.2952856140624479|0.244447810841614|0.10997490630521325,24.725959539413452
UPPER,1,MOLAR_UR6_LL6,2,CUSP_IN_DISTAL,13,0.29482959635341544,0.09700918246056407|0.1460996124510178|0.16970968329358985|0.21034111651165346|0.31379846769725045|0.06304193758592438,24.51096248626709
UPPER,1,MOLAR_UR6_LL6,2,CUSP_OUT_MESIAL,9,0.22175994346832514,0.1478796361001264|0.14552142864658643|0.3080980908485895|0.2972013946416317|0.11491011123484599|-0.013610661471780007,24.66899871826172
UPPER,1,MOLAR_UR6_LL6,2,CUSP_OUT_DISTAL,11,0.34383165058779025,0.01893250628148491|0.2594791681277244|0.38777463921151234|0.3592552078729461|0.11696237367581729|-0.14240389516948523,25.760991096496582
UPPER,1,PREMOLAR_UR5_LL5,3,MESIAL,1,0.5080299238963023,0.19842366824112848|0.1871134817129642|0.22238724885564687|0.009201099562997294|0.23066925120717507|0.15220525042008815,23.830016613006592
UPPER,1,PREMOLAR_UR5_LL5,3,DISTAL,2,2.981788352825116,0.04442650789823697|0.37726545352511376|0.1233015477407674|0.33069601722835457|0.13071058359630158|-0.006400109988774235,24.602960348129272
UPPER,1,PREMOLAR_UR5_LL5,3,BUCCAL_OR_LABIAL,3,1.006504565070969,0.03496335919118729|0.18096379696201811|0.28899566923756154|0.1986382390965727|0.17158425866646287|0.12485467684619737,24.697999477386475
UPPER,1,PREMOLAR_UR5_LL5,3,LINGUAL_OR_PALATAL,4,0.11161876164982701,0.4680929317392772|-0.1460590452744734|0.17075143448130894|0.26503493916602644|0.20291513111412293|0.03926460877373798,24.388967514038086
UPPER,1,PREMOLAR_UR5_LL5,3,PIT,5,0.13695608977799392,0.02886971082362015|-0.01613367782363146|0.20247790434751875|0.21823683545937922|0.06463173862935578|0.5019174885637575,23.403000354766846
UPPER,1,PREMOLAR_UR5_LL5,3,CUSP_IN,8,3.6225918385701044,0.14115750236651894|0.028637333902243427|0.25619954600220873|0.2585970451064035|0.17516738234943546|0.14024119027318968,24.739037036895752
UPPER,1,PREMOLAR_UR5_LL5,3,CUSP_OUT,7,3.1100485224915473,0.12372285604525807|0.2706576135852089|0.2160118859849073|0.21250887347485306|0.07727530508036559|0.09982346582940703,23.13496422767639
UPPER,1,PREMOLAR_UR4_LL4,4,MESIAL,1,0.32753655211504046,0.21356352501987666|0.18094052133359761|0.2698420035897858|0.1398406272119131|0.11627633239008026|0.07953699045474662,24.039998769760132
UPPER,1,PREMOLAR_UR4_LL4,4,DISTAL,2,3.052877002725567,0.005094436677391065|0.1884091005122926|0.1863975587402833|0.2488474699290336|0.2404749095241554|0.13077652461684408,24.334010362625122
UPPER,1,PREMOLAR_UR4_LL4,4,BUCCAL_OR_LABIAL,3,0.7853280744444422,-0.016809612156769824|0.2959375773462047|0.09972523982449538|0.0059805329271757895|0.2642336443850046|0.3509326176738894,24.671962022781372
UPPER,1,PREMOLAR_UR4_LL4,4,LINGUAL_OR_PALATAL,4,0.9799974899987894,0.3816071747268318|-0.15053477243171615|0.1621664125991541|0.41931647206812495|0.12937545671825812|0.05806925631934728,24.55295968055725
UPPER,1,PREMOLAR_UR4_LL4,4,PIT,5,0.6021606399991327,0.1462680308920066|-0.01989570251935003|0.16600596196154752|0.22181615697232945|0.11576704711764914|0.3700385055758172,23.63398313522339
UPPER,1,PREMOLAR_UR4_LL4,4,CUSP_IN,8,3.8023771185401056,0.2671861971750163|0.09359520541003692|0.14525495321762072|0.1450950109263416|0.1858643633516792|0.16300426991930517,23.55306053161621
UPPER,1,PREMOLAR_UR4_LL4,4,CUSP_OUT,7,3.5198270732287726,-0.026896973643989325|0.1876168314259413|0.22914542860075054|0.22683531921599373|0.1788236666931223|0.20447572770818132,23.540000200271606
UPPER,1,CANINE_UR3_LL3,5,MESIAL,1,0.42940195914189,0.3040406564094251|0.14498715420309366|0.2747063198066142|0.12339388553316209|0.1106260779361728|0.04224590611153221,23.407959461212158
UPPER,1,CANINE_UR3_LL3,5,DISTAL,2,2.73040459000109,0.0379932713648124|0.11080515699133031|0.13749951787232348|0.1596087786669717|0.2923960035772241|0.261697271527338,24.387898445129395
UPPER,1,CANINE_UR3_LL3,5,BUCCAL_OR_LABIAL,3,0.712807944262831,0.09620544099876883|0.5897649000771678|0.23242799947193904|-0.06581574317035892|0.1274876857295719|0.019929716892911467,23.81103229522705
UPPER,1,CANINE_UR3_LL3,5,LINGUAL_OR_PALATAL,4,1.7835742796164051,0.3153867009429452|0.1843595163474499|0.05906108672048442|0.373972793509469|-0.014082675187808332|0.0813025776674598,24.946963787078857
UPPER,1,CANINE_UR3_LL3,5,CUSP,6,0.3711208862141892,0.3307133940189604|0.34817980574089685|0.2770532834502933|0.0702059326395346|0.17366031892672829|-0.19981273477641348,22.63496160507202
UPPER,1,INCISOR_UR2_LL2,6,MESIAL,1,0.585425861017427,0.39090893771988106|0.06807694726287229|0.13994065123349922|0.0039792470602419685|0.2460364073630662|0.15105780936043933,22.365986108779907
UPPER,1,INCISOR_UR2_LL2,6,DISTAL,2,1.1816750126695965,0.07422693300732862|0.36393821155524525|0.21024797303798837|0.25021850162796827|0.0774479147928426|0.023920465978626893,22.27103900909424
UPPER,1,INCISOR_UR2_LL2,6,BUCCAL_OR_LABIAL,3,1.4924438567644838,0.11107137811920785|0.2696390201609056|0.21459253458622246|0.15100590336580694|0.1454420248211794|0.10824913894667779,22.374958753585815
UPPER,1,INCISOR_UR2_LL2,6,LINGUAL_OR_PALATAL,4,0.885428392659335,0.3415646159682045|-0.010755771976799153|0.07843100248206504|0.1724428022389648|0.09451123105257256|0.3238061202349923,23.116960763931274
UPPER,1,INCISOR_UR2_LL2,6,CUSP,6,0.33919029470188183,0.07496496554071304|0.2317584511364714|0.28995242695885165|0.08447134704958315|0.3318532724807879|-0.01300046316640709,22.258963108062744
UPPER,1,INCISOR_UR1_LL1,7,MESIAL,1,0.5590522126634818,0.23941325361400384|0.08509515283000814|0.23017667150243226|0.22668831808429404|0.12201329118015791|0.09661331278910394,22.713963508605957
UPPER,1,INCISOR_UR1_LL1,7,DISTAL,2,0.6960755519092334,0.16962982425048012|0.2573258454367718|0.18003818088138482|0.17347205284085288|0.13015279623998324|0.0893813003505272,23.250941514968872
UPPER,1,INCISOR_UR1_LL1,7,BUCCAL_OR_LABIAL,3,1.6912676744880015,0.3362345856089494|0.35705291781860876|0.291828194141788|0.044617239020176926|-0.06737382866699675|0.03764089207747369,22.619001626968384
UPPER,1,INCISOR_UR1_LL1,7,LINGUAL_OR_PALATAL,4,1.115175466292817,-0.009174049134181158|0.3277918732220966|0.09239768360809306|0.1821190570231761|-0.016927573945689705|0.4237930092265052,22.544758558273315
UPPER,1,INCISOR_UR1_LL1,7,CUSP,6,0.7131237938876835,0.1777567137546751|0.157193773073782|0.2894587445909017|0.11620065304641476|0.2032037613715674|0.056186354162658894,22.8889582157135
UPPER,1,INCISOR_UL1_LR1,8,MESIAL,1,0.29417465805229187,0.08943116744499237|0.15392687708527794|0.27383564089675505|0.2574928457019404|0.12109619597676273|0.10421727289427146,24.15203070640564
UPPER,1,INCISOR_UL1_LR1,8,DISTAL,2,1.0856953716532178,0.2103712243689196|-0.025994167779975284|0.19322350298736235|0.2331977842118053|0.20673119023320105|0.18247046597868694,23.8550021648407
UPPER,1,INCISOR_UL1_LR1,8,BUCCAL_OR_LABIAL,3,2.462350989007743,0.036164413025750956|0.23201062694195412|0.39179960555776244|0.14014221800858295|0.019008854749518782|0.18087428171643083,22.701963186264038
UPPER,1,INCISOR_UL1_LR1,8,LINGUAL_OR_PALATAL,4,1.8423852398819953,-0.06398954007499155|-0.05416385406204774|0.09045203040803443|0.18444573399457723|0.25661045244650904|0.5866451772879185,22.712998390197754
UPPER,1,INCISOR_UL1_LR1,8,CUSP,6,0.13132565813098096,0.11692909816905965|0.10805749067070694|0.13586547013207056|0.1268325383821479|0.28497924779219763|0.22733615485381745,22.99096131324768
UPPER,1,INCISOR_UL2_LR2,9,MESIAL,1,0.20209756152321987,0.09890371693432753|0.21110636527135465|0.17882801461607345|0.11986166156419979|0.23422789619889178|0.15707234541515278,23.176963329315186
UPPER,1,INCISOR_UL2_LR2,9,DISTAL,2,1.748355363345578,0.3011449676301195|-0.09913796480500306|0.5245849392717495|0.40847239585858863|-0.010754177203177737|-0.12431016075227692,22.881622314453125
UPPER,1,INCISOR_UL2_LR2,9,BUCCAL_OR_LABIAL,3,2.716811920238166,0.19445348143211452|0.13450606995899575|0.37099043121709296|0.049683931323058886|0.14533022187890868|0.10503586418982921,22.465508937835693
UPPER,1,INCISOR_UL2_LR2,9,LINGUAL_OR_PALATAL,4,1.5641434869386814,-0.03245156341272957|0.36622677811380194|0.2160377069381127|0.20270852596410466|-0.1330369360822556|0.38051548847896594,23.032000064849854
UPPER,1,INCISOR_UL2_LR2,9,CUSP,6,0.3978261067086617,0.15347324062299691|0.013083282034885273|0.2627097418542674|0.18566135250398041|0.41185535855860467|-0.026782975574734556,22.27796244621277
UPPER,1,CANINE_UL3_LR3,10,MESIAL,1,0.4884501404565018,0.09780341140704826|0.21542622338200046|0.3129831269908361|0.17452549823927244|0.14998247539111992|0.04927926458972272,22.619961261749268
UPPER,1,CANINE_UL3_LR3,10,DISTAL,2,3.4710541259188488,0.2262485826862958|0.055489184208300915|0.07998081575816114|0.21736730333956436|0.2309048914246972|0.19000922258298053,22.56396174430847
UPPER,1,CANINE_UL3_LR3,10,BUCCAL_OR_LABIAL,3,1.221213626719537,0.3061539798877538|0.06636077882152368|0.14837960224106414|0.041141650028547576|0.2402641537347228|0.19769983528638793,23.299506902694702
UPPER,1,CANINE_UL3_LR3,10,LINGUAL_OR_PALATAL,4,0.8663990799771001,0.07930451258293958|0.21493767141646472|0.049636592018836384|0.32917091504817453|0.2335907700862485|0.09335953884733642,23.116001844406128
UPPER,1,CANINE_UL3_LR3,10,CUSP,6,0.3340758574604151,0.327590772309268|0.18881483521304385|0.21787744334811662|0.1927323098738195|0.07591598183130177|-0.002931342575549744,22.494959831237793
UPPER,1,PREMOLAR_UL4_LR4,11,MESIAL,1,0.42458076409005474,0.2772749433424378|0.30040304588342814|0.10810379938397982|-0.02628674064998793|0.192440634517262|0.1480643175228803,23.756962299346924
UPPER,1,PREMOLAR_UL4_LR4,11,DISTAL,2,3.484680819690106,0.20219430455381773|-0.030464559763910434|0.04172762365138468|0.43228911928745506|0.24397331848379783|0.11028019378745504,23.302977561950684
UPPER,1,PREMOLAR_UL4_LR4,11,BUCCAL_OR_LABIAL,3,0.9391977622211781,0.2628845139667708|0.046573378957446246|0.18103711228251607|0.09030841183584697|0.17225961963810255|0.24693696331931733,24.579009294509888
UPPER,1,PREMOLAR_UL4_LR4,11,LINGUAL_OR_PALATAL,4,0.24619408898440662,0.07373133548269425|0.35544049399570476|0.0019547093991858742|0.10475647167881226|0.258980249434094|0.2051367400095088,23.92256259918213
UPPER,1,PREMOLAR_UL4_LR4,11,PIT,5,0.3277086516352443,0.11375385465230875|0.2656614391861464|0.18973067464803606|0.1992018803090695|0.13205650191328674|0.0995956492911526,22.68299913406372
UPPER,1,PREMOLAR_UL4_LR4,11,CUSP_IN,8,0.1588976042103701,0.17604684414745297|0.1770629365960833|0.1386113933174207|0.14448895559676506|0.20195179031199456|0.16183808003028338,22.841993808746338
UPPER,1,PREMOLAR_UL4_LR4,11,CUSP_OUT,7,0.27788430539650844,0.07059927904831442|0.04628938218864304|0.24589117091051593|0.229422772749589|0.2314382998042417|0.17635909529869598,22.90314292907715
UPPER,1,PREMOLAR_UL5_LR5,12,MESIAL,1,0.4396333545958303,0.1664986719059123|0.126647787855494|0.2891792879484182|0.026266885151014562|0.25111110923233393|0.14029625790682704,23.6920006275177
UPPER,1,PREMOLAR_UL5_LR5,12,DISTAL,2,3.285269261192839,0.38240450577179014|0.195332655473483|-0.10807468487757303|0.18731706080594338|0.19627591027559227|0.1467445525507644,23.357014179229736
UPPER,1,PREMOLAR_UL5_LR5,12,BUCCAL_OR_LABIAL,3,0.9651322474945127,0.17104962059179482|0.11632396898404095|0.23578571403957763|0.11287220360175125|0.12939946976055997|0.2345690230222755,24.41896915435791
UPPER,1,PREMOLAR_UL5_LR5,12,LINGUAL_OR_PALATAL,4,0.6350222576928062,0.08217439413223313|0.2976375139767877|0.14709523962474697|0.22279735339412196|0.1486082164797684|0.10168728239234182,24.933038473129272
UPPER,1,PREMOLAR_UL5_LR5,12,PIT,5,0.2739082371498464,0.21375728907557248|0.2248957535965732|0.07404099928956442|0.06648906653944986|0.1715476426157261|0.24926924888311397,22.708951234817505
UPPER,1,PREMOLAR_UL5_LR5,12,CUSP_IN,8,0.3255148119699525,0.17248506915406825|0.23220802393309906|0.30140597803619396|0.3625770096017682|0.21829224799472635|-0.2869683287198558,23.737998485565186
UPPER,1,PREMOLAR_UL5_LR5,12,CUSP_OUT,7,0.2596663080380273,0.28785861861545275|0.19847796089171482|0.14564192128206138|0.13248776500834553|0.25832742093165384|-0.022793686729228258,23.01100206375122
UPPER,1,MOLAR_UL6_LR6,13,MESIAL,1,0.35176451760337996,0.17274268397637338|0.20416341099126636|0.36306997113804823|0.06792940880205704|0.11151262725323824|0.08058189783901676,25.708996057510376
UPPER,1,MOLAR_UL6_LR6,13,DISTAL,2,4.392611928109625,0.19871889904298468|0.17609500379773174|0.025196569041608156|0.14753260323005382|0.23299704497368212|0.2194598799139393,24.9739933013916
UPPER,1,MOLAR_UL6_LR6,13,BUCCAL_OR_LABIAL,3,2.091155215580255,0.358495959011907|0.10429849114499085|0.1916756788958728|0.026234831611764948|0.033231092288602354|0.28606394704686194,25.236985206604004
UPPER,1,MOLAR_UL6_LR6,13,LINGUAL_OR_PALATAL,4,1.2302537173528314,-0.019183484706641583|0.33617578593334996|0.08627315116420306|0.02988839387942965|0.23499674602392323|0.3318494077057356,25.39580726623535
UPPER,1,MOLAR_UL6_LR6,13,PIT,5,0.7366490509078014,0.13442821351208886|0.19602028603419397|0.08782078909485065|0.10515263625126277|0.09151209929495943|0.3850659758126444,24.073981523513794
UPPER,1,MOLAR_UL6_LR6,13,CUSP_IN_MESIAL,12,18.80656328106635,-0.02595782201567917|0.2168411934308866|0.19701406311042471|0.20809569862499505|0.24026306622509624|0.1637438006242766,24.186871767044067
UPPER,1,MOLAR_UL6_LR6,13,CUSP_IN_DISTAL,13,0.5300535272475773,0.051900808495338756|0.09124517574914014|0.28600909238584704|0.3534170495421921|0.17097755994002925|0.046450313887452674,24.29479479789734
UPPER,1,MOLAR_UL6_LR6,13,CUSP_OUT_MESIAL,9,0.2355079025589578,0.21530792424453435|0.08062352538736797|0.23439218444087856|0.19162139539577974|0.2275541674045913|0.05050080312684793,25.01800513267517
UPPER,1,MOLAR_UL6_LR6,13,CUSP_OUT_DISTAL,11,0.3589170104518639,0.19238804060201956|0.1723770459040413|0.26299380597921135|0.2672339068612992|0.12914199955315833|-0.024134798899729904,23.8690402507782
UPPER,1,MOLAR_UL7_LR7,14,MESIAL,1,0.6525995604620338,0.3179650945418978|0.31782819835051607|0.16890682044977914|0.02175305554370485|0.13737715047721152|0.03616968063689065,23.848058700561523
UPPER,1,MOLAR_UL7_LR7,14,DISTAL,2,4.604115062494622,0.22741469612550308|0.22108565558100798|0.048002016462681124|0.29812172980236845|0.10640947748679823|0.09896642454164098,23.779990673065186
UPPER,1,MOLAR_UL7_LR7,14,BUCCAL_OR_LABIAL,3,1.5679972934704434,0.1840770118787535|0.11959698453146422|0.21749943425975282|0.20444054897503144|0.058990360033106606|0.21539566032189136,24.770857572555542
UPPER,1,MOLAR_UL7_LR7,14,LINGUAL_OR_PALATAL,4,1.6379811326879776,0.04140796417491093|0.13033250997583756|0.32688266111597936|0.30954189502813617|0.1257152799300514|0.06611968977508455,24.606998920440674
UPPER,1,MOLAR_UL7_LR7,14,PIT,5,0.523011263951353,0.16354537777942948|0.21578356532804996|0.19207710610722561|0.224314958216246|-0.07148718108990944|0.27576617365895834,23.474042415618896
UPPER,1,MOLAR_UL7_LR7,14,CUSP_IN_MESIAL,12,0.8011522304198285,0.07187546045265292|0.02243180188337759|0.162325291402741|0.2014973225204581|0.45610370459154526|0.08576641914922528,24.427037477493286
UPPER,1,MOLAR_UL7_LR7,14,CUSP_IN_DISTAL,13,0.2690628684103717,0.22049128322269973|0.1665647222290888|0.09495961007188129|0.14861745143415098|0.2513928249379835|0.1179741081041957,23.411964178085327
UPPER,1,MOLAR_UL7_LR7,14,CUSP_OUT_MESIAL,9,0.2271661779953409,0.18355063342410669|0.017912742117117787|0.15795249533394876|0.19641060471568775|0.3687770993822764|0.07539642502686258,23.277997732162476
UPPER,1,MOLAR_UL7_LR7,14,CUSP_OUT_DISTAL,11,0.6467049380137493,0.25480464411407094|0.17939953009362752|0.05619490598715814|0.1365867686201005|0.2612274753419793|0.11178667584306354,25.414815664291382
LOWER,2,MOLAR_UR7_LL7,1,MESIAL,1,0.7532432439137761,0.08798177379927076|0.07104822174751668|0.24392170022521215|-0.03173700868363755|0.4025757156684315|0.22620959724320644,26.00200891494751
LOWER,2,MOLAR_UR7_LL7,1,DISTAL,2,4.667565587918164,0.10214950571355616|0.13225102696833055|0.11547958048982106|0.4529069980154553|0.13714636716668382|0.06006652164615315,26.310996294021606
LOWER,2,MOLAR_UR7_LL7,1,BUCCAL_OR_LABIAL,3,2.6220954825360625,-0.24116630235299308|0.40116592542235396|0.06954935983271324|0.3362994148506334|0.378882077200052|0.055269525047240475,25.995004653930664
LOWER,2,MOLAR_UR7_LL7,1,LINGUAL_OR_PALATAL,4,0.9245970951647358,0.2450842057725039|0.2191940867567534|0.030809250689194653|0.11432751144757866|0.10916575534485237|0.28141918998911697,26.58900260925293
LOWER,2,MOLAR_UR7_LL7,1,PIT,5,0.37934687851892857,0.130777539212968|0.061005711162697596|0.11801280174301819|0.15108043535460264|0.16907305803531789|0.3700504544913957,24.69000244140625
LOWER,2,MOLAR_UR7_LL7,1,CUSP_IN_MESIAL,12,0.5187247714116716,0.23337460547765793|0.0886840587462176|0.09566276955298161|0.09194593987327757|0.3701908866703592|0.12014173967950602,24.75696301460266
LOWER,2,MOLAR_UR7_LL7,1,CUSP_IN_DISTAL,13,0.4255936505960639,0.4066737228309753|0.3971943203775961|0.09058418112875972|-0.002313415986293794|0.29918073695581043|-0.19131954530684778,24.380964279174805
LOWER,2,MOLAR_UR7_LL7,1,CUSP_OUT_MESIAL,9,0.4578594769921233,0.11708043720388885|0.08666676208249181|0.07150367563180846|0.023144583495263774|0.48572360270219106|0.2158809388843561,24.645960330963135
LOWER,2,MOLAR_UR7_LL7,1,CUSP_OUT_DISTAL,11,0.42062578176922977,0.07155583875558198|0.12440462649090041|-0.0016790507137127908|0.038750032736351234|0.5518595194035191|0.21510903332736003,26.03203558921814
LOWER,2,MOLAR_UR6_LL6,2,MESIAL,1,0.6938725689780789,0.21013615361209495|0.16749003472956436|0.3453418062158507|-0.064111631190535|0.2698849718640823|0.07125866476894259,26.104005336761475
LOWER,2,MOLAR_UR6_LL6,2,DISTAL,2,5.012216369971059,0.25033618066696844|0.2534938669148432|0.01003098629431098|0.11392796474683788|0.2029649062380166|0.16924609513902286,25.70897936820984
LOWER,2,MOLAR_UR6_LL6,2,BUCCAL_OR_LABIAL,3,2.3216582947380866,0.03640567629579725|0.1910560063058324|0.2525596868271344|0.2065040086016923|0.1838763798600617|0.12959824210948193,25.896002054214478
LOWER,2,MOLAR_UR6_LL6,2,LINGUAL_OR_PALATAL,4,1.056649151783709,0.14255792876471068|0.136317934830025|0.11511440361114783|0.17015220357269958|0.19286429098568808|0.24299323823572885,27.12700057029724
LOWER,2,MOLAR_UR6_LL6,2,PIT,5,0.48748664452831514,0.053763965042691396|0.09173095453727279|0.08952714777416217|0.06396729329276639|0.30236318466851|0.39864745468459734,24.637006998062134
LOWER,2,MOLAR_UR6_LL6,2,CUSP_IN_MESIAL,12,0.1410098374386944,0.27475645537130094|0.28905912886794205|0.09104211113545534|0.1326471498154568|0.1793359700046926|0.033159184805152335,25.246922254562378
LOWER,2,MOLAR_UR6_LL6,2,CUSP_IN_DISTAL,13,0.35760839077235845,0.13257630275655216|0.06540822529218879|0.23600521898586607|0.300464886769006|0.24277503385734478|0.02277033233904214,25.784658432006836
LOWER,2,MOLAR_UR6_LL6,2,CUSP_OUT_MESIAL,9,0.36457748004351037,0.13467892801655798|0.03473290314384146|0.18069093741553657|0.25568358957295617|0.373913492469086|0.020300149382021855,25.913999319076538
LOWER,2,MOLAR_UR6_LL6,2,CUSP_OUT_DISTAL,11,0.49107304746742525,0.11668212402650122|0.1472230911326146|0.13853778618601273|0.21470870088172558|0.44407711023614094|-0.06122881246299507,25.44999647140503
LOWER,2,MOLAR_UR6_LL6,2,CUSP_OUT_MIDDLE,10,0.36543316477228077,0.12747779873414056|0.23660446566273804|0.1950864583373181|0.21608499193305733|0.3439806554059086|-0.11923437007316255,25.42498469352722
LOWER,2,PREMOLAR_UR5_LL5,3,MESIAL,1,0.25233597068199015,0.2303783100510204|0.19080809233237794|0.3298143757504803|0.1092808783217791|0.09645916739994662|0.04325917614439579,24.84100079536438
LOWER,2,PREMOLAR_UR5_LL5,3,DISTAL,2,3.529715374921555,0.03109003138832297|0.14006044978161178|-0.04701719653268467|0.2650966650981947|0.3475910484982156|0.2631790017663398,24.419960975646973
LOWER,2,PREMOLAR_UR5_LL5,3,BUCCAL_OR_LABIAL,3,0.6894719535814762,0.09475571794633224|0.10516111277566847|0.3069068477184492|0.12583831249502364|0.19511390582931917|0.17222410323520718,26.102630138397217
LOWER,2,PREMOLAR_UR5_LL5,3,LINGUAL_OR_PALATAL,4,0.4198606070368175,0.24537282467500376|0.08174445591760217|0.17395277384071656|0.26936403160610695|0.12474739297781295|0.10481852098275755,26.045044660568237
LOWER,2,PREMOLAR_UR5_LL5,3,PIT,5,0.6855472080088052,0.47242329968837515|-0.0009553458223641419|0.07854645055927395|0.143428666057249|0.18963257349156298|0.11692435602590306,24.68700122833252
LOWER,2,PREMOLAR_UR5_LL5,3,CUSP_IN_MESIAL,12,0.14319724733339745,0.06755201171747494|-0.047907356672702996|0.24703009733267178|0.24033379958078252|0.367501664693651|0.12548978334812289,24.397007703781128
LOWER,2,PREMOLAR_UR5_LL5,3,CUSP_IN_DISTAL,13,0.12133869538266635,0.025543194019356077|0.047250604244420555|0.3168343390316011|0.334179636983294|0.19422713925893925|0.0819650864623891,25.243990659713745
LOWER,2,PREMOLAR_UR5_LL5,3,CUSP_OUT,7,0.4064993870259471,0.05546791975463279|0.1904046743071787|0.09172540777476847|0.07883795914508213|0.4355834307291279|0.1479806082892099,27.83804440498352
LOWER,2,PREMOLAR_UR4_LL4,4,MESIAL,1,0.22516681642454095,0.17761883187980873|0.16006434144770154|0.1840745033812834|0.05344117676559429|0.24622158025147078|0.1785795662741413,24.74201774597168
LOWER,2,PREMOLAR_UR4_LL4,4,DISTAL,2,3.1569985137953855,0.09223946121592176|0.2909080466708287|-0.14242072815208132|0.25137229940041633|0.2714155375972511|0.23648538326766327,24.584962606430054
LOWER,2,PREMOLAR_UR4_LL4,4,BUCCAL_OR_LABIAL,3,0.6566339102226064,0.08066395543511912|0.2449711852790574|0.23309566634434373|0.10114591108233673|0.19986670374912227|0.14025657811002076,25.613293886184692
LOWER,2,PREMOLAR_UR4_LL4,4,LINGUAL_OR_PALATAL,4,1.1919547628078855,0.1145571712665283|0.043232083768337655|0.012731956611827789|0.27417661378482766|0.28409123173102807|0.2712109428374505,25.10596227645874
LOWER,2,PREMOLAR_UR4_LL4,4,PIT,5,0.6841738413078184,0.30521396779559445|0.11924191847351923|-0.013674309893896685|0.13803241795846344|0.20035588555024697|0.2508301201160726,23.70296049118042
LOWER,2,PREMOLAR_UR4_LL4,4,CUSP_IN,8,1.1063737297642786,0.28188984679947243|0.1756486054808507|0.06933151117013524|0.1817668160912164|0.23179292494421005|0.05957029551411515,23.105016708374023
LOWER,2,PREMOLAR_UR4_LL4,4,CUSP_OUT,7,0.4225499935091208,0.08778871241601274|0.2290081173429849|0.0764979281092268|0.08395051108562471|0.3826239439099785|0.14013078713617236,22.921675443649292
LOWER,2,CANINE_UR3_LL3,5,MESIAL,1,0.4037267735059451,0.17056068854360157|-0.020606355967164033|0.15556851715280168|-0.003785385183798416|0.39361081619419575|0.3046517192603635,23.488306283950806
LOWER,2,CANINE_UR3_LL3,5,DISTAL,2,2.689763005157544,0.1209520475991096|0.3020061626211498|0.056453125137400965|0.2234926087652135|0.1734798691974625|0.12361618667966368,22.337021350860596
LOWER,2,CANINE_UR3_LL3,5,BUCCAL_OR_LABIAL,3,0.7529388227409172,0.15230012439547427|0.23381743233227759|0.29275022735445344|0.062036074895409424|0.00025817640628588573|0.2588379646160994,26.744961738586426
LOWER,2,CANINE_UR3_LL3,5,LINGUAL_OR_PALATAL,4,1.4766559594230386,0.6156592141124605|0.34872933038703274|0.12406878784489583|0.8153852457390526|-0.8534243319467067|-0.05041824613673491,24.775005340576172
LOWER,2,CANINE_UR3_LL3,5,CUSP,6,0.4343336956604405,0.21406792956490184|0.2440445419800675|0.19056295767683643|0.14247701868224008|0.17744184220893117|0.03140570988702293,22.807002305984497
LOWER,2,INCISOR_UR2_LL2,6,MESIAL,1,0.23116706125928402,0.33816667248921356|-0.010877143531461216|0.2327533974955556|-0.0012128683815697306|0.27469023009382404|0.16647971183443783,22.428957223892212
LOWER,2,INCISOR_UR2_LL2,6,DISTAL,2,0.7487620718026169,-0.2703187495532739|0.48408913770870604|-0.13231704366404504|0.09386885818540608|0.45567043484408526|0.3690073624791216,22.659961700439453
LOWER,2,INCISOR_UR2_LL2,6,BUCCAL_OR_LABIAL,3,1.4534003117491876,-0.05051243073968117|0.19077838353299992|0.3671219316658804|0.11559687278300103|0.17240896743414222|0.2046062753236576,22.658575773239136
LOWER,2,INCISOR_UR2_LL2,6,LINGUAL_OR_PALATAL,4,1.3331421969283086,0.17417458652555529|0.15778669085296168|0.032041625410222326|0.21126694730247744|0.2184441411073415|0.20628600880144177,22.011998653411865
LOWER,2,INCISOR_UR2_LL2,6,CUSP,6,0.29273359831501033,0.05112091500108868|0.16078236732364615|0.22507704477276258|0.13821666378973746|0.44923533543003097|-0.024432326317265746,22.845977306365967
LOWER,2,INCISOR_UR1_LL1,7,MESIAL,1,0.10763590697864663,0.278572552365166|0.20298868513181398|0.10763810444878083|0.0943726474542375|0.16470346656733215|0.15172454403266955,22.65401864051819
LOWER,2,INCISOR_UR1_LL1,7,DISTAL,2,0.24689169995386734,0.22291160301408422|0.40399572924403065|0.12916752669153947|0.14328434799696962|0.06552347149572263|0.03511732155765337,22.880040645599365
LOWER,2,INCISOR_UR1_LL1,7,BUCCAL_OR_LABIAL,3,1.4173252621941732,0.007152996793252171|0.037419162501208615|0.5678638121428976|0.005846171747945899|0.11426177908784675|0.267456077726849,23.511378526687622
LOWER,2,INCISOR_UR1_LL1,7,LINGUAL_OR_PALATAL,4,1.9745610057184808,0.006497059145599737|0.40132868489558776|0.01892336741617408|0.10261046009547901|0.04369646257685741|0.42694396587030214,22.409998178482056
LOWER,2,INCISOR_UR1_LL1,7,CUSP,6,0.3978880566647855,0.17281043709936073|0.18061018762933023|0.07946601774576852|0.047211294949723065|0.42295577174571375|0.09694629083010377,22.53488779067993
LOWER,2,INCISOR_UL1_LR1,8,MESIAL,1,0.38211999414122383,0.0441906934131138|0.2720509121470478|0.17135434913563255|0.18920815705393718|0.19876194504721667|0.12443394320305204,22.66101098060608
LOWER,2,INCISOR_UL1_LR1,8,DISTAL,2,0.4375970652438482,0.20556546807956042|0.008089411250533736|0.30232767841081326|0.2709532714427426|0.11873159361086001|0.09433257720548985,22.98096227645874
LOWER,2,INCISOR_UL1_LR1,8,BUCCAL_OR_LABIAL,3,1.5231970194080338,0.0013094294036844693|0.41661423667903397|0.3348966246876358|0.1691870053699495|-0.07759093643313997|0.15558364029283633,22.178957223892212
LOWER,2,INCISOR_UL1_LR1,8,LINGUAL_OR_PALATAL,4,1.4451621838101165,0.5113586393092889|0.3184534228694919|-0.07848659389144932|0.13243973816336024|-0.010230282794279406|0.12646507634358767,22.399003982543945
LOWER,2,INCISOR_UL1_LR1,8,CUSP,6,0.4631064459810009,0.056372070132983676|0.04505422366292864|0.2529236753926134|0.24116784655203574|0.24519026476106004|0.15929191949837854,22.38203263282776
LOWER,2,INCISOR_UL2_LR2,9,MESIAL,1,0.4901362054092369,0.03336592093964804|0.2749148532891612|0.17918793504038708|0.0578182347518069|0.2656528650659047|0.1890601909130922,22.661178827285767
LOWER,2,INCISOR_UL2_LR2,9,DISTAL,2,0.8493290158669805,0.23808265073824456|0.10235651518062991|0.11369478974474585|0.29841393836233077|0.15247976065765517|0.0949723453163936,22.519002437591553
LOWER,2,INCISOR_UL2_LR2,9,BUCCAL_OR_LABIAL,3,2.0390558052316257,0.188415337374588|0.18068189645205454|0.19733733304262074|0.1283213660168753|0.1963522663963014|0.10889180071756015,22.42096471786499
LOWER,2,INCISOR_UL2_LR2,9,LINGUAL_OR_PALATAL,4,1.716529065448834,0.07388881836092275|0.2576540728085859|0.05051195672640789|0.12703766800665692|0.17107671675358252|0.319830767343844,22.03295636177063
LOWER,2,INCISOR_UL2_LR2,9,CUSP,6,0.26582173189896485,0.03763611505264467|0.02874457035220593|0.19002635940193505|0.18442070483513673|0.309644601870617|0.24952764848746062,22.896008253097534
LOWER,2,CANINE_UL3_LR3,10,MESIAL,1,0.36034366208166857,0.044085605691899524|0.2182026649427457|0.25511338599443895|0.13431241164178775|0.21886840186790835|0.12941752986121977,23.49500012397766
LOWER,2,CANINE_UL3_LR3,10,DISTAL,2,2.460317278401098,0.31433308233455104|0.005714956602136702|0.038892339883592045|0.3328397376759738|0.181811944419155|0.1264079390845915,22.96398949623108
LOWER,2,CANINE_UL3_LR3,10,BUCCAL_OR_LABIAL,3,1.440262852047793,0.26806199517837165|0.034796590031175564|0.26468748223175015|-0.038007784481999346|0.23993753898814793|0.23052417805255415,23.61895990371704
LOWER,2,CANINE_UL3_LR3,10,LINGUAL_OR_PALATAL,4,1.121924299530059,0.05821113508756194|0.14362490304378495|0.06619663014250862|0.28057824500073403|0.09955613530173611|0.35183295142367427,23.004043340682983
LOWER,2,CANINE_UL3_LR3,10,CUSP,6,0.2555549991956546,0.30625114824257565|0.08713829825007655|0.10994467087811371|0.018691075372049157|0.4335252678066939|0.04444953945049096,22.28996181488037
LOWER,2,PREMOLAR_UL4_LR4,11,MESIAL,1,0.31007584483597544,0.09953704428191922|0.15024435936328903|0.298204133703393|0.05380677658027118|0.2537990649856216|0.1444086210855058,22.748944997787476
LOWER,2,PREMOLAR_UL4_LR4,11,DISTAL,2,3.7530686182652597,0.23155899502191152|0.21015916408501667|0.0491056713709346|0.13951987357560877|0.1936555581409976|0.17600073780553085,23.57599973678589
LOWER,2,PREMOLAR_UL4_LR4,11,BUCCAL_OR_LABIAL,3,1.0391385858455404,0.19023981610075327|0.17626584658253627|0.2810854417462967|0.2034383509766572|0.06928375448733815|0.07968679010641842,23.88858437538147
LOWER,2,PREMOLAR_UL4_LR4,11,LINGUAL_OR_PALATAL,4,0.48073371813427695,0.07502115536347442|0.19128846804687505|0.17692927724175433|0.23665473417154295|0.16695760544315993|0.1531487597331931,23.74595856666565
LOWER,2,PREMOLAR_UL4_LR4,11,PIT,5,1.014758466744676,0.18323483486995534|0.24429878939562244|0.16728745309035017|0.2001626117449431|0.07655429266861195|0.12846201823051703,22.58499765396118
LOWER,2,PREMOLAR_UL4_LR4,11,CUSP_IN,8,0.41966618879040063,0.03565945222806934|0.0764852808954292|0.21101591575809028|0.222326811848082|0.2379241138459715|0.21658842542435766,22.91802477836609
LOWER,2,PREMOLAR_UL4_LR4,11,CUSP_OUT,7,0.3456302516611377,0.1436328126677449|0.1319541598931241|0.2707291223706519|0.26489466898013087|0.12976894109420006|0.05902029499414816,22.996826648712158
LOWER,2,PREMOLAR_UL5_LR5,12,MESIAL,1,0.8176548452356417,0.10831170262267738|0.15122265258441392|0.1655489560731194|0.016141767721890243|0.2989856848844152|0.25978923611348387,24.342965364456177
LOWER,2,PREMOLAR_UL5_LR5,12,DISTAL,2,2.94711662011513,0.19217195126927064|0.1210706027416627|0.12653892256510454|0.12881631700600651|0.2408968354994422|0.19050537091851324,23.862518548965454
LOWER,2,PREMOLAR_UL5_LR5,12,BUCCAL_OR_LABIAL,3,1.8482861018648338,0.3142834602169815|0.20845994755418043|0.23096038693397236|0.18707599814009115|0.05782975549971591|0.001390451655058644,24.120744705200195
LOWER,2,PREMOLAR_UL5_LR5,12,LINGUAL_OR_PALATAL,4,1.5235263452001078,0.2885587715923091|0.31070893058194954|0.10639440873641116|0.11865394527696072|0.06637527647136139|0.10930866734100823,24.044974327087402
LOWER,2,PREMOLAR_UL5_LR5,12,PIT,5,0.5006920944799294,0.20374676486135324|0.14691491466283177|0.13548161564631803|0.25037005587911|0.013426489586842612|0.25006015936354425,22.88160753250122
LOWER,2,PREMOLAR_UL5_LR5,12,CUSP_IN_MESIAL,12,1.072869530011433,0.03957769612913763|0.12643570211497124|0.2070031273384306|0.28231994319727777|0.29602223397744587|0.04864129724273699,22.94096040725708
LOWER,2,PREMOLAR_UL5_LR5,12,CUSP_IN_DISTAL,13,1.8483810024083767,0.2586769798856624|0.18703561339936842|-0.007876765701622797|0.042610826761561846|0.3709202412246574|0.14863310443037278,22.628014087677002
LOWER,2,PREMOLAR_UL5_LR5,12,CUSP_OUT,7,0.22439240518644255,0.16369418112945255|0.18608121671034974|0.2525643358169005|0.2530829242805204|0.15293876392890207|-0.008361421866125276,23.14896059036255
LOWER,2,MOLAR_UL6_LR6,13,MESIAL,1,0.2357959075981285,0.18462212336520317|0.2067338387087147|0.13608591177835355|0.05234133452516971|0.22307481363972212|0.19714197798283656,25.198999881744385
LOWER,2,MOLAR_UL6_LR6,13,DISTAL,2,4.902934723837074,0.16734503411862797|0.0691378353600058|0.07987300222369398|0.44914921547690373|0.14407524446000963|0.0904196683607588,24.816003799438477
LOWER,2,MOLAR_UL6_LR6,13,BUCCAL_OR_LABIAL,3,2.062293682588299,0.17896788373568603|0.017287638774787957|0.13324909385763997|0.1241711595570018|0.25135136710570094|0.2949728569691833,25.185049772262573
LOWER,2,MOLAR_UL6_LR6,13,LINGUAL_OR_PALATAL,4,0.9941526386506802,0.06500827478441246|0.1426680765014113|0.0406266723934359|0.09251693887300202|-0.0021148241607208476|0.6612948616084592,25.12598443031311
LOWER,2,MOLAR_UL6_LR6,13,PIT,5,0.3423017329160754,0.03807900953063845|-0.013556769267763873|0.2025732324222027|0.35832586012101275|0.09337773283814821|0.32120093435576175,24.32196283340454
LOWER,2,MOLAR_UL6_LR6,13,CUSP_IN_MESIAL,12,0.8632364191784674,0.06199056650133211|0.05713749154297186|0.33759820602449436|0.3597355869194645|0.1674514349515766|0.016086714060160545,24.444974899291992
LOWER,2,MOLAR_UL6_LR6,13,CUSP_IN_DISTAL,13,0.23764197625825986,0.03901029387102118|0.06229904770906113|0.2536051857837763|0.3157357598305258|0.4076812804842703|-0.07833156767865485,24.091001987457275
LOWER,2,MOLAR_UL6_LR6,13,CUSP_OUT_MESIAL,9,0.8275493684916133,0.09712062508706078|0.08641334481746353|0.21705836914804247|0.17882994407887629|0.26466474804821377|0.1559129688203432,24.408995628356934
LOWER,2,MOLAR_UL6_LR6,13,CUSP_OUT_DISTAL,11,0.4561981007915107,0.1623315892593718|0.18994215045764043|0.22424617566268223|0.22704878185060723|0.17589720354426283|0.020534099225435667,23.429997444152832
LOWER,2,MOLAR_UL6_LR6,13,CUSP_OUT_MIDDLE,10,0.16391634378587733,0.17345472175403473|0.17223805379336554|0.1622855377016116|0.16646717431063437|0.18260514129553296|0.14294937114482067,24.213977336883545
LOWER,2,MOLAR_UL7_LR7,14,MESIAL,1,0.5960289225883357,0.004107202042079282|-0.02523846641338458|0.6027916888469805|0.06434401630956105|0.24029098209455318|0.11370457712021055,24.152190685272217
LOWER,2,MOLAR_UL7_LR7,14,DISTAL,2,4.696294129445455,0.18366508000089543|0.1493099804788283|0.2605588819151899|0.33426883318266404|0.07807097894798065|-0.005873754525558278,24.248963356018066
LOWER,2,MOLAR_UL7_LR7,14,BUCCAL_OR_LABIAL,3,1.8479971340858365,0.2314715681342939|0.05488226348486379|0.167469495366067|0.15079820852190287|0.05834523508071938|0.33703322941215297,25.30099606513977
LOWER,2,MOLAR_UL7_LR7,14,LINGUAL_OR_PALATAL,4,1.5924122135553171,0.06774145734550693|0.3476869973886012|0.1076321615272907|0.17590253332611766|0.0729999832655838|0.22803686714689975,24.70503878593445
LOWER,2,MOLAR_UL7_LR7,14,PIT,5,0.5368314739195353,0.2938252087221672|0.26260193016087424|0.093495968852952|0.03282412295241959|-0.019960396091343195|0.3372131654029303,23.76001214981079
LOWER,2,MOLAR_UL7_LR7,14,CUSP_IN_MESIAL,12,0.2680084777589847,0.16646371755542866|0.24980613522695427|0.15270558055001793|0.1366872726319365|0.22927126336323514|0.06506603067242751,24.406960010528564
LOWER,2,MOLAR_UL7_LR7,14,CUSP_IN_DISTAL,13,0.29542924507469465,0.1039437114808266|0.18246979064567662|0.09887290811433751|0.11517575915028778|0.3275207488723117|0.17201708173655975,23.13302254676819
LOWER,2,MOLAR_UL7_LR7,14,CUSP_OUT_MESIAL,9,0.3217140255831229,0.24833927751580465|0.297351635909897|0.14557508636960134|0.1633557909465866|0.18089176479935104|-0.035513555541240506,23.809998273849487
LOWER,2,MOLAR_UL7_LR7,14,CUSP_OUT_DISTAL,11,0.309478594417016,0.10376416503350469|0.17386140103568903|0.17828993800274573|0.18922660670672464|0.40763481693874215|-0.05277692771740605,24.168996572494507
