UPPER,1,MOLAR_UR7_LL7,1,MESIAL,1,0.4921242844612872,-0.0008177614198262133|0.009387187574571135|0.6124307088186034|-0.09357937475902467|0.43834061120977064|0.0342386285759058,11.688260078430176
UPPER,1,MOLAR_UR7_LL7,1,DISTAL,2,1.1071092108436935,0.07675338587154817|0.24390261112220063|0.11703291731699453|0.3845073243462551|0.10911529864570926|0.06868846269729229,11.325998067855835
UPPER,1,MOLAR_UR7_LL7,1,BUCCAL_OR_LABIAL,3,2.405909606713586,0.14438253478855828|0.2504947542845686|0.19813104871441523|0.12887407126512196|0.04803122391320129|0.23008636703413465,11.606445074081421
UPPER,1,MOLAR_UR7_LL7,1,LINGUAL_OR_PALATAL,4,1.1486737748415063,0.5365728095325815|0.20166721950087807|0.0025068835925483443|0.06534439786357837|0.22158853406599127|-0.027679844555577378,11.505427837371826
UPPER,1,MOLAR_UR7_LL7,1,PIT,5,4.2408874775876,-7.406092653714187e-05|12.046099255824906|1.7869964083112817|-0.03724251121789317|13.518503450796828|-26.314282542788582,11.435000896453857
UPPER,1,MOLAR_UR7_LL7,1,CUSP_IN_MESIAL,12,0.9320723635082995,0.21448978743695213|0.190044476495296|0.20303203634054023|0.19292855934539055|0.13730642873507892|0.06219871164674218,11.472014904022217
UPPER,1,MOLAR_UR7_LL7,1,CUSP_IN_DISTAL,13,0.43152000944246327,0.22393000877561275|0.22388596527770538|0.07581986932761423|0.1786102140513312|0.24980581577846966|0.0479481267892668,11.509971141815186
UPPER,1,MOLAR_UR7_LL7,1,CUSP_OUT_MESIAL,9,0.4365817061004758,0.09649551206980425|0.14441136783384056|0.27569543042229583|0.258817192142051|0.15909729543743972|0.06548320209456857,11.435001611709595
UPPER,1,MOLAR_UR7_LL7,1,CUSP_OUT_DISTAL,11,0.6345461924457647,0.011511878544553836|0.24833465387834008|0.13875957226903002|0.37683774725184815|0.27058814475999854|-0.046031996703770575,11.297998905181885
UPPER,1,MOLAR_UR6_LL6,2,MESIAL,1,0.3098012916680927,0.2505839108008914|0.22797995589434686|0.30844077213499155|0.10324840271650418|0.11781229511362165|-0.008065336660355632,11.999001026153564
UPPER,1,MOLAR_UR6_LL6,2,DISTAL,2,1.2506560134928513,0.1550400338906382|0.42857823456650446|-0.20929854899946249|0.18743749420764638|0.3130080541609299|0.12523473217374353,11.735961198806763
UPPER,1,MOLAR_UR6_LL6,2,BUCCAL_OR_LABIAL,3,2.1178052126121063,0.03455991206368818|0.14180717867694953|0.18432313003511802|0.16307782665453147|0.2502857817697486|0.22594617079996426,11.947861909866333
UPPER,1,MOLAR_UR6_LL6,2,LINGUAL_OR_PALATAL,4,1.1026908546962215,0.32302220803981385|0.08905674478978146|0.10569551850419312|0.1577887197677107|0.1945372710215964|0.12989953787690467,12.471959352493286
UPPER,1,MOLAR_UR6_LL6,2,PIT,5,4.197833596912335,0.12794005152575944|0.14604551187065745|0.21831126199254958|0.22323465503920198|0.24653212175500316|0.03793639781682841,11.947581052780151
UPPER,1,MOLAR_UR6_LL6,2,CUSP_IN_MESIAL,12,0.4059388028908927,0.10447620579378755|0.09727489514392837|0.23214362683452383|0.2223424648782204|0.253338000090535|0.09042480725900492,11.738006591796875
UPPER,1,MOLAR_UR6_LL6,2,CUSP_IN_DISTAL,13,0.5144648309938805,0.18919291877413646|0.19244061070090984|0.09002663521440421|0.12418961422669245|0.27095752063038525|0.1331927004534717,12.027615070343018
UPPER,1,MOLAR_UR6_LL6,2,CUSP_OUT_MESIAL,9,0.22175994346832514,0.0604995753215032|0.08445346997797595|0.22751034984306884|0.19385708792898299|0.32710398174077027|0.10657553518769877,11.989524841308594
UPPER,1,MOLAR_UR6_LL6,2,CUSP_OUT_DISTAL,11,0.6032370905850768,0.06819542963052383|0.265254376309094|0.20119532195966133|0.2074044817962553|0.2924543029217936|-0.034503912617328006,11.951563596725464
UPPER,1,PREMOLAR_UR5_LL5,3,MESIAL,1,0.5080299238963023,0.19167966124578556|0.1704831824332001|0.42445272347447316|0.047679909764221054|0.1529867495567973|0.012717773525522832,10.526964902877808
UPPER,1,PREMOLAR_UR5_LL5,3,DISTAL,2,0.7076723245370605,0.2134209447789137|0.2697950974634874|0.04776980165959363|0.14079099267117678|0.17808687254692446|0.150136290879904,10.789011240005493
UPPER,1,PREMOLAR_UR5_LL5,3,BUCCAL_OR_LABIAL,3,0.9838923787629541,0.09375004407697032|0.17459934781206324|0.20059302877994262|0.12217695368719791|0.21039033721510603|0.19849028842871985,11.48077654838562
UPPER,1,PREMOLAR_UR5_LL5,3,LINGUAL_OR_PALATAL,4,0.11161876164982701,0.2532269338353923|0.05491611740791913|0.19344434895806156|0.22048051078325287|0.17444411579236097|0.10348797322301334,10.6331467628479
UPPER,1,PREMOLAR_UR5_LL5,3,PIT,5,3.363644372046642,0.14101825905634885|0.07881590416187931|0.2309091639308109|0.13661819842317563|0.2416544829031011|0.17098399152468435,10.74095892906189
UPPER,1,PREMOLAR_UR5_LL5,3,CUSP_IN,8,0.3557459024582033,0.23510922975868803|0.1756789917032237|0.07441790765716172|0.1340267188827704|0.3549736607005616|0.025793491297594666,10.488961935043335
UPPER,1,PREMOLAR_UR5_LL5,3,CUSP_OUT,7,0.2534445520137992,0.08776549306484846|0.1315454114231832|0.4238487230871991|0.4381115189041441|0.18966916404678646|-0.2709403105261613,10.643588066101074
UPPER,1,PREMOLAR_UR4_LL4,4,MESIAL,1,0.32753655211504046,0.0058840822640806745|-0.010416026138419576|0.28836921728805065|0.15227875323081302|0.29199538336066544|0.2718885899948099,10.822938919067383
UPPER,1,PREMOLAR_UR4_LL4,4,DISTAL,2,0.649074875259475,0.028401630100348796|0.12753600473232152|0.2073078338581985|0.34532295205189634|0.1976575189096949|0.09377406034753985,10.732863187789917
UPPER,1,PREMOLAR_UR4_LL4,4,BUCCAL_OR_LABIAL,3,0.7287776719788237,0.011744925851619174|0.24198266778091537|0.18806714986528117|0.10119188497871373|0.24181473085153715|0.21519864067193345,10.69483470916748
UPPER,1,PREMOLAR_UR4_LL4,4,LINGUAL_OR_PALATAL,4,0.7129939348512407,0.3411159225857625|-0.06920033301482162|-0.023319610672878265|0.1372662309617977|0.3717779343977589|0.24235985574238073,10.703994512557983
UPPER,1,PREMOLAR_UR4_LL4,4,PIT,5,3.3903374734133545,0.2854152412361046|0.004604827737928854|0.40156905067306514|0.0857856714768532|0.18883392649224995|0.03379128238379822,10.702972650527954
UPPER,1,PREMOLAR_UR4_LL4,4,CUSP_IN,8,0.2845133971000283,0.24540421040921823|0.08842778442898569|0.10270353460199699|0.09747660721825988|0.4523459289504805|0.013641934391058746,10.682292461395264
UPPER,1,PREMOLAR_UR4_LL4,4,CUSP_OUT,7,0.7476344040960303,0.13400391938209327|0.15579066139633574|0.16833957545333883|0.14631300661629765|0.47204788151556587|-0.07649504436363144,10.631040573120117
UPPER,1,CANINE_UR3_LL3,5,MESIAL,1,0.42940195914189,0.2168338606844531|-0.09856795050430864|0.4281348645411086|0.12973569826184805|0.2394547395011135|0.08440878751578537,10.19909143447876
UPPER,1,CANINE_UR3_LL3,5,DISTAL,2,0.4918544157942982,0.09709753662697501|0.33123025908371406|0.007595479298824875|0.19754518230595525|0.3082334017614917|0.058298140923039074,10.164994478225708
UPPER,1,CANINE_UR3_LL3,5,BUCCAL_OR_LABIAL,3,0.8840301818473377,0.07551711457992633|0.16323753592530166|0.21473184458293704|0.16673336950390377|0.19816880109803703|0.18161133430989423,10.298964262008667
UPPER,1,CANINE_UR3_LL3,5,LINGUAL_OR_PALATAL,4,2.123355136232175,0.4000715059259521|0.23612573244527502|-0.15416254837279125|0.21956567016485895|0.14320022746195005|0.15519941237475515,10.159033298492432
UPPER,1,CANINE_UR3_LL3,5,CUSP,6,0.3711208862141892,0.12714343599536598|0.13201794542514977|0.23782807068628298|0.06461604643587907|0.3795708765634995|0.058823624893822715,10.192703008651733
UPPER,1,INCISOR_UR2_LL2,6,MESIAL,1,0.585425861017427,0.2903846247447166|0.036644475153773795|0.17618653672824997|0.07325061551869597|0.24760139700316247|0.17593235085140135,10.118257999420166
UPPER,1,INCISOR_UR2_LL2,6,DISTAL,2,0.7885067041138906,-0.055270090084249296|0.3482275155785045|0.19586977163281705|0.17374224959968365|0.21474005042261785|0.12269050285062627,10.114999055862427
UPPER,1,INCISOR_UR2_LL2,6,BUCCAL_OR_LABIAL,3,1.8329849056671021,0.0906087911315509|0.11693215770814747|0.34362575242213655|0.13994478155250328|0.13822246104456742|0.17066605614109448,10.275410652160645
UPPER,1,INCISOR_UR2_LL2,6,LINGUAL_OR_PALATAL,4,2.248297166251573,0.1115686631299043|0.1213096565879179|0.12158315817037826|0.24372255125718778|0.19043249783092736|0.21138347302368443,10.831720352172852
UPPER,1,INCISOR_UR2_LL2,6,CUSP,6,0.5433597106911234,0.05397821932389331|0.1491337445487188|0.2262482268010123|0.0794316048709176|0.3609621024561984|0.13024610199925962,10.239034652709961
UPPER,1,INCISOR_UR1_LL1,7,MESIAL,1,0.4026531596530001,0.5375400584751051|0.17052146534757168|0.08254416947748383|0.09507834736317114|0.08646643202684365|0.02784952730982459,10.497670888900757
UPPER,1,INCISOR_UR1_LL1,7,DISTAL,2,0.4257680007164486,0.0777420017901383|0.25163152468781114|0.050373881390749595|0.08025516088383824|0.30289378797964106|0.23710364326782174,10.594029426574707
UPPER,1,INCISOR_UR1_LL1,7,BUCCAL_OR_LABIAL,3,3.039214755681283,0.013121312698772782|0.0765920209494522|0.3774783139272363|0.061504210553399566|0.23155674957077188|0.23974739230036723,11.393283128738403
UPPER,1,INCISOR_UR1_LL1,7,LINGUAL_OR_PALATAL,4,2.9198863849810635,0.17121919568713018|0.03079189357826078|0.10003038353617352|0.3020822974045182|0.12916754288011045|0.266708686913807,10.555007219314575
UPPER,1,INCISOR_UR1_LL1,7,CUSP,6,1.6173729258412533,0.07962794686731517|0.07661934410410615|0.19147714676641986|0.3675914983116816|0.393225455149273|-0.10854139119879572,10.677003145217896
UPPER,1,INCISOR_UL1_LR1,8,MESIAL,1,0.29503142774688706,0.06922288548857003|0.20686097824572142|0.16357934637608595|0.1617336095881871|0.21100574396803562|0.18759743633339987,10.721964120864868
UPPER,1,INCISOR_UL1_LR1,8,DISTAL,2,0.7661318640222738,0.2153580110541659|-0.03916925494384399|0.05726247917359077|0.09335793955030888|0.36983544912546373|0.3033553760403147,10.450043678283691
UPPER,1,INCISOR_UL1_LR1,8,BUCCAL_OR_LABIAL,3,1.9937234665449666,0.15808913331675434|0.12489262004705157|0.25325093777064833|0.12022413466786636|0.1696656297524679|0.17387754444521136,10.485960006713867
UPPER,1,INCISOR_UL1_LR1,8,LINGUAL_OR_PALATAL,4,2.7190423120753207,0.1572221798144211|0.25466501716877077|0.05486605208359362|0.18703127392982272|0.09511094100706402|0.25110453599632787,10.453963994979858
UPPER,1,INCISOR_UL1_LR1,8,CUSP,6,0.39397756371787107,0.09383709462081927|0.05184212699108018|0.3585557713782376|0.11790458228880002|0.38666834302759956|-0.008807918306536579,10.55417513847351
UPPER,1,INCISOR_UL2_LR2,9,MESIAL,1,0.20209756152321987,-0.010146898071099288|0.37045775713292806|0.19106030546643604|0.009461839502858137|0.3515411135534461|0.08762588241543098,10.078550338745117
UPPER,1,INCISOR_UL2_LR2,9,DISTAL,2,0.8523105898872503,0.16796168220217017|0.06516933733584207|0.21246528828732225|0.21950005246777632|0.17755167008205436|0.1573519696248349,10.11902117729187
UPPER,1,INCISOR_UL2_LR2,9,BUCCAL_OR_LABIAL,3,1.4627014545381984,0.02524842028710369|-0.24780919187228917|0.5091456275111856|0.03290673523290975|0.30824123200471065|0.37226717683637944,10.363000392913818
UPPER,1,INCISOR_UL2_LR2,9,LINGUAL_OR_PALATAL,4,2.7417380120126995,0.1766378576200383|0.20720363004366493|0.13750229427249244|0.24633438502411986|0.14716503295830335|0.0851568000813811,10.165001392364502
UPPER,1,INCISOR_UL2_LR2,9,CUSP,6,1.0068464895167015,0.10886463979658936|0.08478123664174125|0.3070942778341048|0.26588939712735765|0.13424494682355792|0.09912550177664889,10.145620107650757
UPPER,1,CANINE_UL3_LR3,10,MESIAL,1,0.4884501404565018,0.28395895836755847|0.38636935970501074|0.13526980347259587|0.007799176419616423|0.1354000878576458|0.05120261417757266,10.174533367156982
UPPER,1,CANINE_UL3_LR3,10,DISTAL,2,0.5409338460455314,0.24695055476|0.030657730827798713|-0.017400064338606053|0.19085566212236932|0.3659463465422158|0.1829897700862223,10.330732345581055
UPPER,1,CANINE_UL3_LR3,10,BUCCAL_OR_LABIAL,3,1.1883949689536746,0.44159180949181476|-0.0291793694410709|0.31400919762644386|0.0898705885119313|0.11967370392883031|0.06403406988205079,10.054002523422241
UPPER,1,CANINE_UL3_LR3,10,LINGUAL_OR_PALATAL,4,2.144718366985682,0.022992936979653197|0.24611399848299742|0.1855249289307706|0.1662015761946672|0.14903802740108085|0.23012853201083072,10.022000074386597
UPPER,1,CANINE_UL3_LR3,10,CUSP,6,0.3590820579522224,0.11650205910515948|0.04202002482279535|0.39488990248107714|0.17700348432160462|0.3308871786451185|-0.06130264937575508,10.082797765731812
UPPER,1,PREMOLAR_UL4_LR4,11,MESIAL,1,0.6154377459832563,0.06994002119506962|0.08707755991364663|0.26196558429954075|0.09522149818559492|0.2525779143866328|0.2332174220195154,10.704884052276611
UPPER,1,PREMOLAR_UL4_LR4,11,DISTAL,2,0.4766783210184218,0.25868825248768246|0.11009714867646483|0.0070818198768041185|0.22075234563256452|0.24146917794792633|0.16191125537855772,10.992945909500122
UPPER,1,PREMOLAR_UL4_LR4,11,BUCCAL_OR_LABIAL,3,0.18239463742648038,0.26766718652312527|-0.015297487317988842|0.241086225600333|0.09922200940653025|0.21804755196511277|0.18927451382288757,10.771961450576782
UPPER,1,PREMOLAR_UL4_LR4,11,LINGUAL_OR_PALATAL,4,0.6757624250359338,-0.010724946585407128|0.24751047294778872|0.2327370496554118|0.32302660065942657|0.12696002283910185|0.08049080048367815,10.834280252456665
UPPER,1,PREMOLAR_UL4_LR4,11,PIT,5,3.189825954585814,-0.01282498798650757|0.16587040686116256|0.20171174075604115|-0.05293704452427893|0.455780779584229|0.24239910530935377,10.855971574783325
UPPER,1,PREMOLAR_UL4_LR4,11,CUSP_IN,8,0.3254803479897093,0.11973435206662908|0.19494157992271183|0.1717647667938485|0.1803158716799152|0.2845213692222218|0.04872206031467348,10.819626092910767
UPPER,1,PREMOLAR_UL4_LR4,11,CUSP_OUT,7,0.27788430539650844,0.19909226179361317|0.1706306742256234|0.16102737214195445|0.12328169715815901|0.2279606694898595|0.11800732519079046,10.795000553131104
UPPER,1,PREMOLAR_UL5_LR5,12,MESIAL,1,0.4396333545958303,0.2733706212006941|0.2330190783537161|0.37543515765850866|0.09539985184149075|0.060263366961826506|-0.03748807601623594,11.733980894088745
UPPER,1,PREMOLAR_UL5_LR5,12,DISTAL,2,0.46211946969223344,0.47044544884468154|0.3403896293881551|-0.05493297715028064|0.15642362826643574|0.07230886813512899|0.015365402515879471,10.928959608078003
UPPER,1,PREMOLAR_UL5_LR5,12,BUCCAL_OR_LABIAL,3,0.9576383723096015,0.2462392581040676|0.04281534377978971|0.09971175481793007|0.0522272804405981|0.29005792972944444|0.2689484331281701,10.721010208129883
UPPER,1,PREMOLAR_UL5_LR5,12,LINGUAL_OR_PALATAL,4,0.6350222576928062,-0.020513971319726834|0.3338888858682094|0.07492181095045652|0.2362630981993446|0.2397933712712299|0.13564680503048637,10.770997524261475
UPPER,1,PREMOLAR_UL5_LR5,12,PIT,5,3.2626666459291664,0.0906780767954064|0.13314408258681|0.14816014671215938|0.2805729898559549|0.3057378223763616|0.041706881673307813,10.98003339767456
UPPER,1,PREMOLAR_UL5_LR5,12,CUSP_IN,8,0.3255148119699525,0.10613846031795535|0.138186330250345|0.04370757085528537|0.07477853369524512|0.41941449016701104|0.21777461471415827,10.895107984542847
UPPER,1,PREMOLAR_UL5_LR5,12,CUSP_OUT,7,0.4296742022783319,0.16532395366952735|0.06929935810774843|0.26233811918147343|0.19110692523592088|0.3277271739944254|-0.0157955301890955,10.854999303817749
UPPER,1,MOLAR_UL6_LR6,13,MESIAL,1,0.7606631432865202,0.16622508107734701|0.161413486696053|0.24014292935871112|0.09439865303499018|0.20303226777285643|0.1347875820600422,11.952000379562378
UPPER,1,MOLAR_UL6_LR6,13,DISTAL,2,1.1132175525689811,0.3869097049096014|0.14963991223296574|-0.005343397610051554|0.25705793145420885|0.13572023968357405|0.07601560932970147,11.891942739486694
UPPER,1,MOLAR_UL6_LR6,13,BUCCAL_OR_LABIAL,3,2.398406212684244,0.22334228908438186|0.12521514798599676|0.2349598587485407|0.13256880044516028|-0.0920316833656957|0.3759455871016162,12.071390151977539
UPPER,1,MOLAR_UL6_LR6,13,LINGUAL_OR_PALATAL,4,1.8032214164968325,0.007155019128607236|0.46775100851438933|0.08802874235996011|0.14524543867920392|0.2325089854025334|0.05931080591530599,14.52996277809143
UPPER,1,MOLAR_UL6_LR6,13,PIT,5,4.03315768620907,0.17063908504166847|0.15706977083935358|0.3007223244124215|0.29740377398855267|0.1702122219996267|-0.09604717628162307,14.190003633499146
UPPER,1,MOLAR_UL6_LR6,13,CUSP_IN_MESIAL,12,19.319088654809054,-0.07107345434714032|0.2608886617148938|0.24524737658181228|0.1158805354397818|0.16489235505016148|0.28416452556049093,12.237355709075928
UPPER,1,MOLAR_UL6_LR6,13,CUSP_IN_DISTAL,13,0.5783038384951152,0.07596754856938406|0.10623852232486825|0.19951444794181472|0.2865296586169105|0.23164948784338624|0.1001003347036363,12.55396318435669
UPPER,1,MOLAR_UL6_LR6,13,CUSP_OUT_MESIAL,9,0.2355079025589578,0.25295901282949795|-0.08788322599585707|0.4245244161000966|0.2794984487164863|0.2533793958134095|-0.1224780474636333,11.960966348648071
UPPER,1,MOLAR_UL6_LR6,13,CUSP_OUT_DISTAL,11,0.8800740577509674,0.13518107778905158|0.05930500240900993|0.1445289578358938|0.23789457810664805|0.2612727677442511|0.1618176161151456,11.959961652755737
UPPER,1,MOLAR_UL7_LR7,14,MESIAL,1,0.6525995604620338,0.32517823862262896|0.36096178938045265|0.5003576867463653|0.15191338755208578|-0.08678608062985929|-0.2516250216716732,13.245985746383667
UPPER,1,MOLAR_UL7_LR7,14,DISTAL,2,1.0383731034786865,0.17701401309294174|0.08759603200215665|0.05892729834006141|0.2854598132499412|0.2223665732793877|0.16863627003551124,11.58595895767212
UPPER,1,MOLAR_UL7_LR7,14,BUCCAL_OR_LABIAL,3,1.976669246104464,0.43800091326662005|-0.1780591246277362|0.14571800171830146|0.08442314421798086|0.268892151305418|0.24102491411941585,11.665852069854736
UPPER,1,MOLAR_UL7_LR7,14,LINGUAL_OR_PALATAL,4,1.274350145964179,0.2111401590261665|0.3839637645878905|0.005770506526623366|0.013660311187254737|0.26866428591170843|0.11680097276035659,11.526823282241821
UPPER,1,MOLAR_UL7_LR7,14,PIT,5,4.26443898192931,0.15527466648482985|-0.007769325732155942|0.30096154968766775|0.3867388022816308|0.3197118085340648|-0.15491750125603726,11.635961532592773
UPPER,1,MOLAR_UL7_LR7,14,CUSP_IN_MESIAL,12,0.8011522304198285,0.20115122902037003|0.19488414165006218|0.1613446648869355|0.16380443495047314|0.17827849247148786|0.10053703702067138,12.074997901916504
UPPER,1,MOLAR_UL7_LR7,14,CUSP_IN_DISTAL,13,0.2690628684103717,0.19570492936551281|0.1730686454380041|0.07942363738137428|0.20629108480995395|0.2823863811924529|0.06312532181270192,11.999999284744263
UPPER,1,MOLAR_UL7_LR7,14,CUSP_OUT_MESIAL,9,0.6291851763886792,0.31579750210501445|0.18134852640987387|0.0876687166277452|0.054177853778286614|0.3040584718808304|0.05694892919824952,11.603179693222046
UPPER,1,MOLAR_UL7_LR7,14,CUSP_OUT_DISTAL,11,0.48279428954418635,0.26346544578095876|0.14396446755770592|0.11063414353426138|0.1600006727849972|0.21020947182046545|0.11172579852161135,11.658765077590942
LOWER,2,MOLAR_UR7_LL7,1,MESIAL,1,0.7532432439137761,0.1538611727983501|0.14798625504374946|0.19659660127612494|0.08169613036214163|0.24594187435161718|0.17391796616801664,11.762957096099854
LOWER,2,MOLAR_UR7_LL7,1,DISTAL,2,0.8245633464560967,0.10292641182763249|0.15362773465789886|0.0676338296386258|0.23880549239514065|0.1855484089377078|0.2514581225429944,12.824960231781006
LOWER,2,MOLAR_UR7_LL7,1,BUCCAL_OR_LABIAL,3,1.6989381181122154,0.0585859893610608|0.17388745877760492|0.18973312681812443|0.14600271592350683|0.26328934818720373|0.16850136093249934,11.84694766998291
LOWER,2,MOLAR_UR7_LL7,1,LINGUAL_OR_PALATAL,4,2.059486472019518,0.4729066447025905|0.07939772152636548|0.09611369327189784|0.14798659826832172|-0.021754059229144612|0.2253494014599693,11.902002096176147
LOWER,2,MOLAR_UR7_LL7,1,PIT,5,4.002508100155134,0.21719752026041012|0.0957701030647802|0.23588030496787354|0.2298985136473523|0.21321421361634935|0.008039344443234578,11.950014591217041
LOWER,2,MOLAR_UR7_LL7,1,CUSP_IN_MESIAL,12,0.5187247714116716,0.16863206839527445|-0.21205669697968232|0.2063844068627857|0.16641400454836724|0.6899480223296974|-0.01932180515644246,11.798022985458374
LOWER,2,MOLAR_UR7_LL7,1,CUSP_IN_DISTAL,13,0.6625898665750968,0.25265687797162506|0.0804726091385852|0.10684731254323146|0.14204325993891098|0.37174345860075064|0.0462364818068966,11.825002670288086
LOWER,2,MOLAR_UR7_LL7,1,CUSP_OUT_MESIAL,9,0.4578594769921233,0.1872809654213876|0.20149646011191358|0.21099616586063258|0.1172083190371086|0.2907457210320682|-0.007727631463110415,11.778005361557007
LOWER,2,MOLAR_UR7_LL7,1,CUSP_OUT_DISTAL,11,0.42062578176922977,129.43605413796874|191.4324686283471|0.008829690013819655|23.83868245092825|-5.22013804511343|-338.4958968621445,12.034960269927979
LOWER,2,MOLAR_UR6_LL6,2,MESIAL,1,0.7028718398580626,0.16860550834211657|0.1373850130974114|0.2733203209646956|-0.01445167630728865|0.25969391355618543|0.1754469203468797,12.311790943145752
LOWER,2,MOLAR_UR6_LL6,2,DISTAL,2,0.6169597578686568,0.1426210310722394|0.331110911690329|-0.06579288802605687|0.14939738261546642|0.30357382341227424|0.1390897392357478,12.344002723693848
LOWER,2,MOLAR_UR6_LL6,2,BUCCAL_OR_LABIAL,3,1.2233960397783827,-0.060311026097181114|0.4478825497261042|0.18182435862269353|0.14663452100488195|0.2590076151901127|0.024961981553388773,12.366016149520874
LOWER,2,MOLAR_UR6_LL6,2,LINGUAL_OR_PALATAL,4,1.7542929056746759,0.40725543432143496|0.004782877074928653|0.0803978963879641|0.2052598597434636|0.14148131883038045|0.16082261364182832,12.503565549850464
LOWER,2,MOLAR_UR6_LL6,2,PIT,5,3.981742250063396,0.05746823634964733|0.09030724381607758|0.020025762991407695|0.06294859982845419|0.5333176534688393|0.23593250354557393,12.374067306518555
LOWER,2,MOLAR_UR6_LL6,2,CUSP_IN_MESIAL,12,0.35495600527893234,0.19753359316409053|0.14254122043534195|0.2170627953197073|0.2209493244962622|0.2614055628029821|-0.03949249621838405,12.6609947681427
LOWER,2,MOLAR_UR6_LL6,2,CUSP_IN_DISTAL,13,0.43668506529533513,0.2557618933844711|0.14373887196888108|0.059748892689049024|0.16477024218588687|0.33158265430539363|0.04439744546631834,12.463964939117432
LOWER,2,MOLAR_UR6_LL6,2,CUSP_OUT_MESIAL,9,0.5574260289185422,0.2088269641881157|0.23891846194277133|0.07444591833953498|0.012757016921996663|0.4024798584124557|0.06257178019512558,12.441797256469727
LOWER,2,MOLAR_UR6_LL6,2,CUSP_OUT_DISTAL,11,1.0252594803550548,0.025409847225109666|0.18185177953530396|0.11183020580353017|0.3413006781895536|0.33392965774943906|0.005677831497063683,12.278482437133789
LOWER,2,MOLAR_UR6_LL6,2,CUSP_OUT_MIDDLE,10,0.4879731055482735,-8.486417467789702e-05|0.14752148971084186|2.1199049656294032e-05|0.11422553662511482|0.8412793128498884|-0.10296267406082356,13.495117664337158
LOWER,2,PREMOLAR_UR5_LL5,3,MESIAL,1,0.25233597068199015,0.08758862684839858|0.041511990987734185|0.37364397880659694|0.14558264790825187|0.19982751605159194|0.1518452393974266,11.298024415969849
LOWER,2,PREMOLAR_UR5_LL5,3,DISTAL,2,0.5214158260421772,0.07312699734972058|0.19928077839915231|0.1264951844258716|0.25861559668030876|0.20912633733962432|0.1333551058053224,11.150880575180054
LOWER,2,PREMOLAR_UR5_LL5,3,BUCCAL_OR_LABIAL,3,1.359385382538155,0.09263639665578402|0.47486667359070134|0.35624731232788864|0.09670755020890459|0.07045058809603252|-0.090908520879311,11.077724933624268
LOWER,2,PREMOLAR_UR5_LL5,3,LINGUAL_OR_PALATAL,4,1.2861960958546197,0.19495483343942532|0.11664691001923519|0.1798961368161051|0.18934772430043478|0.13315692056445833|0.18599747486034118,11.118459939956665
LOWER,2,PREMOLAR_UR5_LL5,3,PIT,5,3.1717694583717972,0.043491113670693554|-0.010110086776929175|0.22260715243593543|0.4095962308720372|0.3021779955633177|0.032237594234945266,11.19599437713623
LOWER,2,PREMOLAR_UR5_LL5,3,CUSP_IN_MESIAL,12,0.14319724733339745,0.10321726327443581|0.0039125034543698815|0.21412414872576047|0.20951697588700385|0.33482449070927106|0.13440461794915892,11.158966779708862
LOWER,2,PREMOLAR_UR5_LL5,3,CUSP_IN_DISTAL,13,0.7624498542804458,0.22680897332951072|0.1040714273086002|0.1031022788873209|0.25034955894897726|0.2603713776571358|0.055296383868455146,11.230025291442871
LOWER,2,PREMOLAR_UR5_LL5,3,CUSP_OUT,7,0.5972998853561936,0.10505969205204657|0.31590750395166833|0.15588324161476064|0.1121428387737248|0.34939134914083725|-0.03838462553303762,11.289207220077515
LOWER,2,PREMOLAR_UR4_LL4,4,MESIAL,1,0.22516681642454095,0.12079960703306042|0.026790218842777602|0.39497171183459023|0.07039771676096829|0.2951181760383417|0.09192256949026179,11.468029260635376
LOWER,2,PREMOLAR_UR4_LL4,4,DISTAL,2,0.3914554094537461,-0.09874887723292525|0.22790358444697684|0.07998439993265413|0.6200630168583408|0.16400402884177473|0.006793847153178732,10.920642614364624
LOWER,2,PREMOLAR_UR4_LL4,4,BUCCAL_OR_LABIAL,3,1.1277097075966487,0.05696296646993519|0.25858893217114653|0.26847085735152554|0.09708366594282156|0.20074141138102186|0.11815216668354936,10.933217763900757
LOWER,2,PREMOLAR_UR4_LL4,4,LINGUAL_OR_PALATAL,4,1.691064802031741,0.20850251419211552|0.1517433531601846|0.024051948787281882|0.11678834549959763|0.18394089278534376|0.3149729455754766,11.021095037460327
LOWER,2,PREMOLAR_UR4_LL4,4,PIT,5,2.182829617495219,0.23105045215938652|0.13443089319560358|0.08755399651543563|0.17301575807830605|0.262574427323333|0.11137447272793527,11.007941246032715
LOWER,2,PREMOLAR_UR4_LL4,4,CUSP_IN,8,1.2371546400725668,0.41004736653534457|0.24484451912254301|0.005369076793222781|0.15226377471125063|0.17060628862888844|0.016868974208750616,10.982105255126953
LOWER,2,PREMOLAR_UR4_LL4,4,CUSP_OUT,7,0.4225499935091208,0.15702180226800172|0.4682604746918796|0.16210586728931398|0.08645672281338215|0.34007649628901504|-0.2139213633515924,10.993979454040527
LOWER,2,CANINE_UR3_LL3,5,MESIAL,1,0.4037267735059451,0.29407777519373246|0.13908086256857766|0.29886258967303925|0.16743001770248367|0.087259681879642|0.013289072982525026,10.825029373168945
LOWER,2,CANINE_UR3_LL3,5,DISTAL,2,0.7640638962426253,0.005783449357348546|0.16390808325165718|0.12773416783422936|0.23205910959433912|0.25963409466910103|0.21088109529332477,10.496959686279297
LOWER,2,CANINE_UR3_LL3,5,BUCCAL_OR_LABIAL,3,3.0842603215284647,0.09615009366105354|-0.038915566292587384|0.29637417913153574|0.03365393351698122|0.30859986651255633|0.3041374934704606,10.422717809677124
LOWER,2,CANINE_UR3_LL3,5,LINGUAL_OR_PALATAL,4,1.8751358774132287,-0.00714113922885656|-5.955648192462071|0.005544211167977903|1.3636792283628287|3.518397409146592|2.0751684830135293,10.554279804229736
LOWER,2,CANINE_UR3_LL3,5,CUSP,6,0.4343336956604405,-0.23260847296230747|-0.11424045117931939|0.5933145263293038|0.4091368912066031|0.383976412797152|-0.039578906191432145,10.562963724136353
LOWER,2,INCISOR_UR2_LL2,6,MESIAL,1,0.23116706125928402,0.13762243781443895|-0.1063446633028563|0.3307334130616719|0.23152411253352556|0.23816942613727404|0.16829527375594577,10.315964460372925
LOWER,2,INCISOR_UR2_LL2,6,DISTAL,2,0.3761037407862835,0.018363368713608816|0.19590630743037457|0.18810632501476987|0.21426829144744353|0.19226719104561357|0.19108851634818969,10.216937065124512
LOWER,2,INCISOR_UR2_LL2,6,BUCCAL_OR_LABIAL,3,2.6494182251443497,0.08752294279505507|-0.0005120184623034073|0.20811220177793915|0.14174560536223274|0.26986911949621994|0.2932621490308564,11.571507930755615
LOWER,2,INCISOR_UR2_LL2,6,LINGUAL_OR_PALATAL,4,2.661434044611083,0.1870252953355348|0.29874531754936706|-0.00405773818135226|0.17926436936036655|0.16309683875780173|0.1759259171782822,10.451961040496826
LOWER,2,INCISOR_UR2_LL2,6,CUSP,6,0.3214976583786587,0.17830696444008537|0.23548743144486256|0.1719693778325681|0.08308178758021553|0.23362384890333454|0.09753058979893392,10.339002847671509
LOWER,2,INCISOR_UR1_LL1,7,MESIAL,1,0.10763551035611081,0.22070354279967913|-0.0017536238634008982|0.18373513208653625|0.1509346702066165|0.24033784309130024|0.20604243567926883,10.315027952194214
LOWER,2,INCISOR_UR1_LL1,7,DISTAL,2,0.32217836039291486,0.15584843585122976|0.31146764311918107|0.12967991344648744|0.16805033749147819|0.14725875229114488|0.08769491780047867,10.301149845123291
LOWER,2,INCISOR_UR1_LL1,7,BUCCAL_OR_LABIAL,3,2.35373428805081,0.18053637472896805|0.1434899054054074|0.2730382240333472|0.10737554959769782|0.15164678869957038|0.14391315753500916,10.199001550674438
LOWER,2,INCISOR_UR1_LL1,7,LINGUAL_OR_PALATAL,4,2.1582150928579678,-8.928312942620426|3.582359838335057|-5.315855117004643|2.9704009521908414|3.3836630605224425|5.307744208576728,10.264016151428223
LOWER,2,INCISOR_UR1_LL1,7,CUSP,6,0.3567259234502262,0.15369260013325975|0.16100476734241614|0.235578125435992|0.15914060799338642|0.22951932434611866|0.061064574748827094,10.13935112953186
LOWER,2,INCISOR_UL1_LR1,8,MESIAL,1,0.1954942005045464,0.03459817313183065|0.1553553479429678|0.2880684636036531|0.2886422008369136|0.15103808476819475|0.08229772971643998,10.33311152458191
LOWER,2,INCISOR_UL1_LR1,8,DISTAL,2,0.20703764015842477,0.8128412642600474|-2.826074598662016|1.1216703694710253|0.9068362367490055|0.739569486657125|0.24515724152481294,10.27585506439209
LOWER,2,INCISOR_UL1_LR1,8,BUCCAL_OR_LABIAL,3,2.207240490798058,0.2242408232032741|0.20474128700393784|0.20566431526183698|0.11839753038905942|0.12093832375214364|0.12601772038974807,10.374989748001099
LOWER,2,INCISOR_UL1_LR1,8,LINGUAL_OR_PALATAL,4,2.355611830571183,-0.645209818894569|0.7598910955724703|0.0532221274125149|0.5056487367247602|0.06083231265577768|0.265615546529046,10.288238525390625
LOWER,2,INCISOR_UL1_LR1,8,CUSP,6,0.8702649070729608,0.08894202427297357|0.08728807420232693|0.28538554173859176|0.1674411580604237|0.26056823504855287|0.11037496667713118,10.180781602859497
LOWER,2,INCISOR_UL2_LR2,9,MESIAL,1,0.4901362054092369,0.10519453866511097|0.26741083307800284|0.21374392370368267|0.13929964313256105|0.159867159515849|0.11448390190479343,10.486975908279419
LOWER,2,INCISOR_UL2_LR2,9,DISTAL,2,0.6047096788510559,0.16632146415498245|-0.010497756174668811|0.2017011385491635|0.18418582920218296|0.2521805715903338|0.20610875267800616,10.995176076889038
LOWER,2,INCISOR_UL2_LR2,9,BUCCAL_OR_LABIAL,3,1.4855302258375414,0.16447723449120233|0.05506359124541975|0.44155292051674544|0.06763509243280774|0.1368984321641034|0.13437272914972137,10.382947444915771
LOWER,2,INCISOR_UL2_LR2,9,LINGUAL_OR_PALATAL,4,2.221917510176154,0.037029187308189604|0.3393548733692112|0.24395046443647134|0.328014958139052|0.026720941067586143|0.024929575679489828,10.328999996185303
LOWER,2,INCISOR_UL2_LR2,9,CUSP,6,1.0648415230315043,0.05038847716367506|0.020950795801379735|0.22776020507368572|0.17397432648185734|0.3957037796086579|0.13122241587074418,10.499987125396729
LOWER,2,CANINE_UL3_LR3,10,MESIAL,1,0.931707815530744,-0.17714007813429739|0.18496722872912869|0.24137359773047173|0.13852918405488163|0.38819387306594166|0.22407619455387373,10.535988330841064
LOWER,2,CANINE_UL3_LR3,10,DISTAL,2,0.35069669749933546,0.32672773762161733|0.039846318895118776|-0.022956095348333587|0.2454813478231898|0.2766504294250294|0.13425026158337838,10.451850652694702
LOWER,2,CANINE_UL3_LR3,10,BUCCAL_OR_LABIAL,3,3.442544662664769,0.48330495011189667|-0.00490171057555704|0.08223642092535544|0.11795718772784602|0.07804231611284004|0.2433608356976189,10.612975120544434
LOWER,2,CANINE_UL3_LR3,10,LINGUAL_OR_PALATAL,4,2.4952615382224144,-0.11684468987588448|0.3239720958115433|0.28985681013807196|0.266482216922866|0.10996674752344468|0.12656681947995863,10.664998769760132
LOWER,2,CANINE_UL3_LR3,10,CUSP,6,0.16590946062902603,0.19300584280798094|0.15937789951666448|0.2563673313956629|0.23606635084561384|0.13141528240361144|0.023767293030466423,10.313997745513916
LOWER,2,PREMOLAR_UL4_LR4,11,MESIAL,1,0.31007584483597544,0.08481717014025245|0.1307773872153556|0.40675685865697|0.13265881908016902|0.1580639460937095|0.08692581881354358,10.861912488937378
LOWER,2,PREMOLAR_UL4_LR4,11,DISTAL,2,0.45183080428206107,0.3191303135366039|0.18819069346133482|0.026795955626754624|0.25534197477589626|0.12235152593918591|0.08818953666022428,10.919961214065552
LOWER,2,PREMOLAR_UL4_LR4,11,BUCCAL_OR_LABIAL,3,0.6437345552770536,0.23280055505765124|0.12979850740366528|0.17645700446405327|0.10710584686983435|0.192173921273893|0.16166416493090296,11.723000049591064
LOWER,2,PREMOLAR_UL4_LR4,11,LINGUAL_OR_PALATAL,4,0.5521518123844495,-0.12218918007694135|0.5702050724156653|0.11201954513843865|0.40083116158404686|0.15394174095184077|-0.11480834001305015,10.909001588821411
LOWER,2,PREMOLAR_UL4_LR4,11,PIT,5,2.1199903873378627,0.1964915724667663|0.3505341566975071|0.2885260928483328|0.26764456806964554|0.03375975637614509|-0.1369561464583967,10.884961605072021
LOWER,2,PREMOLAR_UL4_LR4,11,CUSP_IN,8,0.41966618879040063,0.02691354519500882|0.2885983216314624|0.15958489260421094|0.20398204675161408|0.2543240089927895|0.06659718482491439,11.524020195007324
LOWER,2,PREMOLAR_UL4_LR4,11,CUSP_OUT,7,0.3456302516611377,0.21974740417648336|0.1786074183954633|0.12597591748014864|0.11083558408011401|0.3034037297658433|0.0614299461019473,10.846998453140259
LOWER,2,PREMOLAR_UL5_LR5,12,MESIAL,1,0.8176548452356417,0.31142095593927754|0.38604269682718173|0.2536933266916871|-0.008367325363314953|0.06812568639574385|-0.010915340490575347,11.08801007270813
LOWER,2,PREMOLAR_UL5_LR5,12,DISTAL,2,2.3337974443939444,0.2733524286051482|0.03292078768328499|-0.11956498713933522|0.19638765853175627|0.34258699278379523|0.27431711953535054,11.026997089385986
LOWER,2,PREMOLAR_UL5_LR5,12,BUCCAL_OR_LABIAL,3,1.5995726632369272,0.2790313113753091|0.12139986012869713|0.2900559119328927|0.19892950669162046|0.09797354916008139|0.012609860711399204,10.890801906585693
LOWER,2,PREMOLAR_UL5_LR5,12,LINGUAL_OR_PALATAL,4,1.6727777219554703,-0.3869390617829323|0.3319057813460544|0.20809191966666832|0.5403017827169158|0.17205005560250158|0.1345895224507922,11.106961965560913
LOWER,2,PREMOLAR_UL5_LR5,12,PIT,5,3.0959957997657837,0.08025368852837972|0.3104883298232076|0.057782683254497744|0.21835190857757697|0.221307804633609|0.11181558518272905,10.811682939529419
LOWER,2,PREMOLAR_UL5_LR5,12,CUSP_IN_MESIAL,12,0.5584171310468573,0.10738487603836433|0.23827184623043135|0.14765233316062965|0.2014263096083181|0.2989811485737589|0.006283486388497695,10.964977264404297
LOWER,2,PREMOLAR_UL5_LR5,12,CUSP_IN_DISTAL,13,2.5143938946681854,0.16056266768695665|0.15300770052381135|0.04936533732633193|0.2856591845037709|0.19502006055359855|0.1563850494055306,10.964118480682373
LOWER,2,PREMOLAR_UL5_LR5,12,CUSP_OUT,7,0.22439240518644255,0.06490665619217845|0.12031078921733598|0.21179820373134922|0.1813171650973857|0.41753403901098696|0.004133146750763775,11.007620811462402
LOWER,2,MOLAR_UL6_LR6,13,MESIAL,1,0.2357959075981285,0.20057667733877105|0.2675916387410232|0.3015603996756434|-0.04707398772825552|0.2031511938297748|0.07419407814304313,12.500290632247925
LOWER,2,MOLAR_UL6_LR6,13,DISTAL,2,0.5171352676331662,0.22892018762323518|0.11997827309645015|0.021084075602112416|0.1383959484210756|0.28246994845856144|0.20915156679856528,12.385010004043579
LOWER,2,MOLAR_UL6_LR6,13,BUCCAL_OR_LABIAL,3,1.0994336310516646,0.13256202941415662|0.07538963989172628|0.13636193846818667|0.12118384205163049|0.28540521919697326|0.24909733097732667,13.112961053848267
LOWER,2,MOLAR_UL6_LR6,13,LINGUAL_OR_PALATAL,4,1.7693962362511486,0.1388804429707166|0.24352953483771927|0.25149964079839127|0.27290383359951975|-0.016286574579790734|0.10947312237344387,12.390997648239136
LOWER,2,MOLAR_UL6_LR6,13,PIT,5,4.16054386918223,0.14036186733483424|0.2073798490095275|0.15456220124598757|0.21326873888459408|0.2322063492418588|0.05222099428319782,13.232999086380005
LOWER,2,MOLAR_UL6_LR6,13,CUSP_IN_MESIAL,12,0.9583903114924441,0.14633879916954848|0.26268154224077744|0.22841268720258395|0.23106778992023363|0.1562784961680681|-0.024779314701211676,12.404972314834595
LOWER,2,MOLAR_UL6_LR6,13,CUSP_IN_DISTAL,13,0.5899769243685992,-0.1767123799361272|0.02510517838974142|0.01172805969131618|0.2006652189064554|0.7512347468972094|0.1879791760514049,12.33008337020874
LOWER,2,MOLAR_UL6_LR6,13,CUSP_OUT_MESIAL,9,0.8275493684916133,0.2950603085169735|0.28069374971907124|0.19914537812419686|0.1311719536120916|0.12566978428211018|-0.03174117425444324,12.438729047775269
LOWER,2,MOLAR_UL6_LR6,13,CUSP_OUT_DISTAL,11,0.6382473822102406,0.15260437723240167|0.13833506408792295|0.11566506776409488|0.23600437360816262|0.3342268824944712|0.02316423481294668,12.253963470458984
LOWER,2,MOLAR_UL6_LR6,13,CUSP_OUT_MIDDLE,10,0.3770370975957149,0.2198390706126891|0.1352229036728249|0.09240947727665474|0.10593685982091924|0.31881253616865657|0.12777915244825538,13.27895998954773
LOWER,2,MOLAR_UL7_LR7,14,MESIAL,1,0.6121652291555366,0.1914027780371816|0.18165366311714948|0.25041627547921874|0.05426740042948129|0.1989758330761513|0.12328404986081756,11.761964559555054
LOWER,2,MOLAR_UL7_LR7,14,DISTAL,2,1.159423905119907,0.24946245029910363|0.11460635102321837|-0.08409025928317879|0.0794222102680053|0.44081834401668696|0.19978090367616463,11.66904330253601
LOWER,2,MOLAR_UL7_LR7,14,BUCCAL_OR_LABIAL,3,2.7925726825524633,0.31545079928268216|0.14426794049253272|0.21329421379567826|0.2734498893448869|-0.2072182565442895|0.2607554136285095,11.959997177124023
LOWER,2,MOLAR_UL7_LR7,14,LINGUAL_OR_PALATAL,4,1.0402438825110134,0.15118793997301366|0.44142667676354885|-0.176437626332136|-0.12333748472250591|0.33666550020092856|0.3704949941171509,11.881900310516357
LOWER,2,MOLAR_UL7_LR7,14,PIT,5,3.7708642263638223,0.17962216439233902|0.3118487437860097|0.10245275231815718|0.06926482653987062|0.3513131898887507|-0.014501676925127216,12.254011869430542
LOWER,2,MOLAR_UL7_LR7,14,CUSP_IN_MESIAL,12,0.2680084777589847,-0.037600133579441336|0.12608772965552917|0.03565687004794921|-0.005137723917353744|0.6200483847085729|0.2609448730847439,11.909958124160767
LOWER,2,MOLAR_UL7_LR7,14,CUSP_IN_DISTAL,13,0.3556745254239505,-0.1728842420308237|0.24783333682050768|0.31407196750425115|0.4704021102863908|0.33687893566110205|-0.19630210824142807,12.509780406951904
LOWER,2,MOLAR_UL7_LR7,14,CUSP_OUT_MESIAL,9,0.5344878996840945,0.24048712551818208|0.2165468018595208|0.03563452860640716|-0.0027290194236890327|0.385444738237785|0.12461582520179401,11.983964681625366
LOWER,2,MOLAR_UL7_LR7,14,CUSP_OUT_DISTAL,11,0.3176372983713339,0.0572318057591293|0.0778954155226815|0.27321876953689483|0.30761735378457233|0.34491892355174447|-0.060882268155022554,12.464966535568237
